{
  "tier0_modular_4L": {
    "M": {
      "mia_vs_hessian_top_full": 0.38800663337427105,
      "mia_vs_hessian_bot_full": -0.519810557390506,
      "mia_vs_cos_grad_train_test": 0.03121370181362228,
      "mia_vs_grad_ratio_test_over_train": 0.37333268388718954
    },
    "G": {
      "mia_vs_hessian_top_full": 0.8643541448901699,
      "mia_vs_hessian_bot_full": -0.8729774450443539,
      "mia_vs_cos_grad_train_test": 0.01733282645146843,
      "mia_vs_grad_ratio_test_over_train": 0.8018974591067709
    },
    "M_vs_G": {
      "hessian_top_full": {
        "cohen_d": 3.9806497710174047,
        "m_mean": 9415.62940771886,
        "g_mean": 349.3892415679132,
        "m_std": 3191.905815013742,
        "g_std": 431.81008883125764
      },
      "hessian_bot_full": {
        "cohen_d": -3.4070875851537807,
        "m_mean": -3280.0531449405908,
        "g_mean": -7.53113327093808,
        "m_std": 1358.3102778754117,
        "g_std": 11.397875362243681
      },
      "cos_grad_train_test": {
        "cohen_d": -1.8197853628838392,
        "m_mean": -0.2064551442861557,
        "g_mean": 0.2671345684910193,
        "m_std": 0.09576603015389885,
        "g_std": 0.35536403775140885
      },
      "grad_ratio_test_over_train": {
        "cohen_d": 9.39050594919692,
        "m_mean": 1398646688972.8,
        "g_mean": 2063.628001284599,
        "m_std": 210636692452.58344,
        "g_std": 4598.7379409201285
      },
      "mia_loss_auc": {
        "cohen_d": 28.524352183872768,
        "m_mean": 0.9999407530646505,
        "g_mean": 0.5834140476925562,
        "m_std": 3.3120175741130695e-05,
        "g_std": 0.02065101967782754
      }
    }
  },
  "tier1_mlp_mnist": {
    "M": {
      "mia_vs_hessian_top_full": -0.19475320240813926,
      "mia_vs_hessian_bot_full": 0.12758993614731703,
      "mia_vs_cos_grad_train_test": -0.376626085636042,
      "mia_vs_grad_ratio_test_over_train": 0.682867695517555
    },
    "G": {
      "mia_vs_hessian_top_full": -0.5897401314085781,
      "mia_vs_hessian_bot_full": -0.618140741917376,
      "mia_vs_cos_grad_train_test": 0.23195913906445773,
      "mia_vs_grad_ratio_test_over_train": -0.7465540135953257
    },
    "M_vs_G": {
      "hessian_top_full": {
        "cohen_d": 0.23645854851843565,
        "m_mean": 2.3201846133842112,
        "g_mean": 2.0774847362109212,
        "m_std": 1.1509495357704342,
        "g_std": 0.8844708302734493
      },
      "hessian_bot_full": {
        "cohen_d": 0.3859537063485204,
        "m_mean": -0.07676929372089444,
        "g_mean": -0.08775595318150389,
        "m_std": 0.033724181604400924,
        "g_std": 0.021984898446184648
      },
      "cos_grad_train_test": {
        "cohen_d": -0.32216122132835845,
        "m_mean": 0.11214328529313207,
        "g_mean": 0.14914175420999526,
        "m_std": 0.15077697274533344,
        "g_std": 0.06037265799975006
      },
      "grad_ratio_test_over_train": {
        "cohen_d": 0.6324555681136255,
        "m_mean": 48608240.08315601,
        "g_mean": 9.330971240997314,
        "m_std": 108691302.02732348,
        "g_std": 6.789078494945483
      },
      "mia_loss_auc": {
        "cohen_d": -1.7920330120986152,
        "m_mean": 0.3228809283333333,
        "g_mean": 0.32497382399999997,
        "m_std": 0.0016100858858894029,
        "g_std": 0.0003681751428151292
      }
    }
  },
  "tier1b_mlp_fashionmnist": {
    "M": {
      "mia_vs_hessian_top_full": -0.30740898311885767,
      "mia_vs_hessian_bot_full": 0.5670772791239583,
      "mia_vs_cos_grad_train_test": -0.28610123989928055,
      "mia_vs_grad_ratio_test_over_train": 0.053178752567551495
    },
    "G": {
      "mia_vs_hessian_top_full": 0.1253124366578414,
      "mia_vs_hessian_bot_full": 0.034893508333140345,
      "mia_vs_cos_grad_train_test": 0.31309920937662733,
      "mia_vs_grad_ratio_test_over_train": 0.2756537194680085
    },
    "M_vs_G": {
      "hessian_top_full": {
        "cohen_d": 1.4396382596631467,
        "m_mean": 4.961810333767677,
        "g_mean": 3.7434621456438153,
        "m_std": 1.0467685675594245,
        "g_std": 0.580242530489224
      },
      "hessian_bot_full": {
        "cohen_d": -0.26130797775578446,
        "m_mean": -0.2083313927783299,
        "g_mean": -0.1978218107443161,
        "m_std": 0.04146448326717779,
        "g_std": 0.03893398266964562
      },
      "cos_grad_train_test": {
        "cohen_d": -0.12810187952145438,
        "m_mean": 0.22463602125644683,
        "g_mean": 0.23527739942073822,
        "m_std": 0.10052193914677571,
        "g_std": 0.060798625891476665
      },
      "grad_ratio_test_over_train": {
        "cohen_d": -0.16548620601984845,
        "m_mean": 5.746286487579345,
        "g_mean": 6.0371068000793455,
        "m_std": 1.5417916840901245,
        "g_std": 1.949248401911248
      },
      "mia_loss_auc": {
        "cohen_d": -0.16816186296760308,
        "m_mean": 0.483235935,
        "g_mean": 0.4938742506666666,
        "m_std": 0.06888915710057944,
        "g_std": 0.057083582985111916
      }
    }
  },
  "tier2_resnet18_cifar10": {
    "M": {
      "mia_vs_hessian_top_full": 0.013482274809352603,
      "mia_vs_hessian_bot_full": -0.6310202430726303,
      "mia_vs_cos_grad_train_test": 0.3970944919867667,
      "mia_vs_grad_ratio_test_over_train": 0.8816669683830621
    },
    "G": {
      "mia_vs_hessian_top_full": -0.3791728879612186,
      "mia_vs_hessian_bot_full": -0.2996108261241697,
      "mia_vs_cos_grad_train_test": 0.313808778620973,
      "mia_vs_grad_ratio_test_over_train": -0.12846225953623466
    },
    "M_vs_G": {
      "hessian_top_full": {
        "cohen_d": -9.865077113955472,
        "m_mean": 31.030935634094714,
        "g_mean": 104.1136221504203,
        "m_std": 2.38307306408086,
        "g_std": 10.202180395424156
      },
      "hessian_bot_full": {
        "cohen_d": 8.852094207621795,
        "m_mean": -0.2845727745761347,
        "g_mean": -2.7454627576923096,
        "m_std": 0.10544368205611468,
        "g_std": 0.37874874114972923
      },
      "cos_grad_train_test": {
        "cohen_d": 0.3894789332231219,
        "m_mean": -0.12132516205310821,
        "g_mean": -0.1457326665520668,
        "m_std": 0.06163227823729707,
        "g_std": 0.06368505476763424
      },
      "grad_ratio_test_over_train": {
        "cohen_d": 4.775839241751901,
        "m_mean": 37302.642578125,
        "g_mean": 63.010260009765624,
        "m_std": 11027.336673746637,
        "g_std": 5.203634575161252
      },
      "mia_loss_auc": {
        "cohen_d": 7.83718398079814,
        "m_mean": 0.6962758,
        "g_mean": 0.5999511,
        "m_std": 0.016575595851280874,
        "g_std": 0.005231981754674805
      }
    }
  },
  "tier3b_vit_tiny_cifar10": {
    "M": {
      "mia_vs_hessian_top_full": 0.7665287915193348,
      "mia_vs_hessian_bot_full": -0.8298913320303064,
      "mia_vs_cos_grad_train_test": -0.6027317348299644,
      "mia_vs_grad_ratio_test_over_train": 0.7838894993162254
    },
    "G": {
      "mia_vs_hessian_top_full": -0.9749617414777588,
      "mia_vs_hessian_bot_full": 0.991826502384029,
      "mia_vs_cos_grad_train_test": 0.088971472740536,
      "mia_vs_grad_ratio_test_over_train": 0.9383336462253956
    },
    "M_vs_G": {
      "hessian_top_full": {
        "cohen_d": 3.13393672145147,
        "m_mean": 1313.010425673686,
        "g_mean": 174.9424342569247,
        "m_std": 513.3740373991423,
        "g_std": 13.89781986105449
      },
      "hessian_bot_full": {
        "cohen_d": -7.028258623843315,
        "m_mean": -431.5241984440559,
        "g_mean": -42.428145626518635,
        "m_std": 77.88054765547932,
        "g_std": 8.027872084642109
      },
      "cos_grad_train_test": {
        "cohen_d": 1.4535971399860768,
        "m_mean": 0.021210883744060993,
        "g_mean": -0.03039125291009744,
        "m_std": 0.032575746092246505,
        "g_std": 0.038200338792046123
      },