{
  "seed0": {
    "seed": 0,
    "N_HIDDEN": 1024,
    "test_acc": 0.0027967334153708467,
    "rank_W2": 103.25190875532446,
    "top_sv": 3.383502008610355,
    "stable_rank": 57.758659214310136,
    "top_singular_values": [
      3.383502008610355,
      3.3287597946228225,
      3.3257198098529863,
      3.279237542538438,
      3.247839062515551,
      3.2190492693444184,
      3.209666404352882,
      3.176621128197457,
      3.157440043335654,
      3.116825836351297,
      3.101595243616115,
      3.0701384772650835,
      3.054555813288302,
      3.0418964589972592,
      3.023997898167928,
      2.999816404456405,
      2.9785060658467786,
      2.9538338811320486,
      2.9324977432107975,
      2.9050621090280027
    ],
    "fft_concentration_top20": [
      0.01692794354218405,
      0.09307612494834683,
      0.02188081717566082,
      0.04175745995780792,
      0.026853512339720696,
      0.023080854485574977,
      0.007517578694583197,
      0.04660713840473445,
      0.037509037198335385,
      0.026277334054798644,
      0.013474640871825113,
      0.03275835416758969,
      0.06976413576249703,
      0.04888690890460804,
      0.015443594946840127,
      0.0655700431471492,
      0.014569867085287362,
      0.030158833725008962,
      0.05740820948622929,
      0.035820309710648215
    ]
  },
  "seed1": {
    "seed": 1,
    "N_HIDDEN": 1024,
    "test_acc": 0.0024611254055263453,
    "rank_W2": 103.0565970402992,
    "top_sv": 3.445369578454347,
    "stable_rank": 56.12520519858121,
    "top_singular_values": [
      3.445369578454347,
      3.3548327532881412,
      3.326040877387658,
      3.308160505673876,
      3.29790813965214,
      3.2352740085031986,
      3.1941341181836034,
      3.1789187948535185,
      3.1635515686807594,
      3.1314666756396434,
      3.100091940875833,
      3.073231769373532,
      3.0548325917566608,
      3.0469016227919954,
      3.0185225287738957,
      3.007098433615785,
      2.9928360171815367,
      2.9803627709465608,
      2.9648997872794047,
      2.939311928292877
    ],
    "fft_concentration_top20": [
      0.01845017882166026,
      0.0558878373118929,
      0.009441605364541831,
      0.0698703210411298,
      0.021149112270083772,
      0.038675609256134974,
      0.03546648124207177,
      0.03166069559059673,
      0.031488633040584864,
      0.028057785291444926,
      0.028059884744607983,
      0.025821285718128487,
      0.018033212795202765,
      0.02738496210839886,
      0.05884788971822445,
      0.040420394550106695,
      0.0165603643747808,
      0.017646633165327108,
      0.016636539788672702,
      0.06244562448337109
    ]
  },
  "seed2": {
    "seed": 2,
    "N_HIDDEN": 1024,
    "test_acc": 0.00201364805906701,
    "rank_W2": 102.70196213056784,
    "top_sv": 3.481504862415618,
    "stable_rank": 55.44899579215235,
    "top_singular_values": [
      3.481504862415618,
      3.4214799686047757,
      3.3922621379674887,
      3.3496591532029485,
      3.3096472000511574,
      3.2688815263880513,
      3.2405468909622535,
      3.236001743774343,
      3.2019775330429545,
      3.182536169532379,
      3.1447070809757087,
      3.116233919769326,
      3.0811463252071216,
      3.0657818693265333,
      3.0334635430629766,
      3.0088522218159333,
      3.0005115610371287,
      2.9531423316735372,
      2.9479684507570534,
      2.931350564991292
    ],
    "fft_concentration_top20": [
      0.046065374598923736,
      0.03472010877106529,
      0.025261118826342292,
      0.0317333053445603,
      0.019931258102552498,
      0.037994582016786405,
      0.04993962597967186,
      0.024522226634341737,
      0.02648660681960025,
      0.04052055296242792,
      0.07510968003741476,
      0.024777053556105207,
      0.03744617084129976,
      0.017648577666551146,
      0.024233811938655134,
      0.029898542714405476,
      0.04029026370737343,
      0.049009994718652736,
      0.03840554506699937,
      0.03861555143189999
    ]
  },
  "seed3": {
    "seed": 3,
    "N_HIDDEN": 1024,
    "test_acc": 0.0023492560689115116,
    "rank_W2": 102.79484801442455,
    "top_sv": 3.4287780672486945,
    "stable_rank": 55.97606481422271,
    "top_singular_values": [
      3.4287780672486945,
      3.397090120252054,
      3.3565735138833643,
      3.3192242218461474,
      3.2639471381258836,
      3.2101522604981283,
      3.1963618269341367,
      3.179253814661669,
      3.1174920889215385,
      3.113493662667445,
      3.1094970948045497,
      3.0719608428896668,
      3.03407066254231,
      3.0070067355997847,
      3.0022099243105744,
      2.9801422785651446,
      2.9690552374026074,
      2.9459309266255835,
      2.9355376549290737,
      2.9246944313110066
    ],
    "fft_concentration_top20": [
      0.02484730484648895,
      0.03964158481254296,
      0.028849055266970063,
      0.014698314110784374,
      0.026521767028234923,
      0.02861946531199344,
      0.019786229625165585,
      0.01138176436460317,
      0.060589305763812065,
      0.033088552495835886,
      0.04786843138106343,
      0.0625830892742037,
      0.09681954729288962,
      0.037376009632151444,
      0.03667956250785208,
      0.03220253379513141,
      0.06671442935400752,
      0.03478159295942177,
      0.019932486610092823,
      0.05682812471789705
    ]
  },
  "seed4": {
    "seed": 4,
    "N_HIDDEN": 1024,
    "test_acc": 0.0021255173956818436,
    "rank_W2": 102.7297244194906,
    "top_sv": 3.4403856266639505,
    "stable_rank": 55.95006013038833,
    "top_singular_values": [
      3.4403856266639505,
      3.3578146986823763,
      3.342854749376368,
      3.3323357041247785,
      3.2772916252853017,
      3.2634380831140506,
      3.2293562446077035,
      3.1664137336537994,
      3.1551759415024754,
      3.1386288240990265,
      3.1066095442095074,
      3.0987464399740783,
      3.067845554219519,
      3.0513854793350834,
      3.0364668958445904,
      3.025341997331351,
      3.0078795522294426,
      2.968444950386231,
      2.956543201817537,
      2.918548759384947
    ],
    "fft_concentration_top20": [
      0.009407947288982733,
      0.06322540174474034,
      0.014433076694290947,
      0.006251031787496897,
      0.034389155768661014,
      0.049531156072791994,
      0.05676450424141783,
      0.01764331452122491,
      0.048218613731158724,
      0.022783921928584375,
      0.02929938672963339,
      0.030808759433942342,
      0.04293212413951237,
      0.03368210212801862,
      0.020917763399771805,
      0.03413902956544696,
      0.02124576065463372,
      0.02298418780465294,
      0.023444856209065876,
      0.03315092057840032
    ]
  }
}