{
  "vit": [
    {
      "mode": "M",
      "seed": 0,
      "train_acc": 1.0,
      "test_acc": 0.6768,
      "mean_block0_attn_rank": 146.6486358642578,
      "mean_block0_mlp_rank": 122.05770111083984,
      "ranks": {
        "blocks.0.self_attn.in_proj_weight": 146.6486358642578,
        "blocks.0.self_attn.out_proj.weight": 110.48336791992188,
        "blocks.0.linear1.weight": 122.05770111083984,
        "blocks.0.linear2.weight": 141.28248596191406,
        "blocks.1.self_attn.in_proj_weight": 149.686279296875,
        "blocks.1.self_attn.out_proj.weight": 107.13614654541016,
        "blocks.1.linear1.weight": 138.34194946289062,
        "blocks.1.linear2.weight": 134.34800720214844,
        "blocks.2.self_attn.in_proj_weight": 148.89971923828125,
        "blocks.2.self_attn.out_proj.weight": 100.99642181396484,
        "blocks.2.linear1.weight": 139.50045776367188,
        "blocks.2.linear2.weight": 123.3895263671875,
        "blocks.3.self_attn.in_proj_weight": 146.8409881591797,
        "blocks.3.self_attn.out_proj.weight": 97.93526458740234,
        "blocks.3.linear1.weight": 139.35984802246094,
        "blocks.3.linear2.weight": 117.71205139160156,
        "blocks.4.self_attn.in_proj_weight": 143.81939697265625,
        "blocks.4.self_attn.out_proj.weight": 97.18364715576172,
        "blocks.4.linear1.weight": 138.17495727539062,
        "blocks.4.linear2.weight": 112.29088592529297,
        "blocks.5.self_attn.in_proj_weight": 143.5333709716797,
        "blocks.5.self_attn.out_proj.weight": 92.61176300048828,
        "blocks.5.linear1.weight": 138.27276611328125,
        "blocks.5.linear2.weight": 105.62297058105469,
        "blocks.6.self_attn.in_proj_weight": 143.5909423828125,
        "blocks.6.self_attn.out_proj.weight": 92.53380584716797,
        "blocks.6.linear1.weight": 139.02804565429688,
        "blocks.6.linear2.weight": 101.26748657226562,
        "blocks.7.self_attn.in_proj_weight": 141.7589111328125,
        "blocks.7.self_attn.out_proj.weight": 91.41368103027344,
        "blocks.7.linear1.weight": 137.82244873046875,
        "blocks.7.linear2.weight": 92.20852661132812,
        "blocks.8.self_attn.in_proj_weight": 140.58291625976562,
        "blocks.8.self_attn.out_proj.weight": 93.59416961669922,
        "blocks.8.linear1.weight": 139.45037841796875,
        "blocks.8.linear2.weight": 87.40066528320312,
        "blocks.9.self_attn.in_proj_weight": 138.61544799804688,
        "blocks.9.self_attn.out_proj.weight": 95.23721313476562,
        "blocks.9.linear1.weight": 136.7753448486328,
        "blocks.9.linear2.weight": 80.59996795654297,
        "blocks.10.self_attn.in_proj_weight": 137.5576629638672,
        "blocks.10.self_attn.out_proj.weight": 95.59619140625,
        "blocks.10.linear1.weight": 133.29258728027344,
        "blocks.10.linear2.weight": 72.87702941894531,
        "blocks.11.self_attn.in_proj_weight": 140.61415100097656,
        "blocks.11.self_attn.out_proj.weight": 101.4010009765625,
        "blocks.11.linear1.weight": 113.0536880493164,
        "blocks.11.linear2.weight": 47.188873291015625,
        "head.weight": 9.597347259521484
      }
    },
    {
      "mode": "M",
      "seed": 1,
      "train_acc": 1.0,
      "test_acc": 0.6308,
      "mean_block0_attn_rank": 143.784423828125,
      "mean_block0_mlp_rank": 119.52094268798828,
      "ranks": {
        "blocks.0.self_attn.in_proj_weight": 143.784423828125,
        "blocks.0.self_attn.out_proj.weight": 107.67045593261719,
        "blocks.0.linear1.weight": 119.52094268798828,
        "blocks.0.linear2.weight": 145.0323486328125,
        "blocks.1.self_attn.in_proj_weight": 150.67529296875,
        "blocks.1.self_attn.out_proj.weight": 109.79783630371094,
        "blocks.1.linear1.weight": 140.5245361328125,
        "blocks.1.linear2.weight": 129.44602966308594,
        "blocks.2.self_attn.in_proj_weight": 149.63125610351562,
        "blocks.2.self_attn.out_proj.weight": 102.05551147460938,
        "blocks.2.linear1.weight": 141.48265075683594,
        "blocks.2.linear2.weight": 114.22842407226562,
        "blocks.3.self_attn.in_proj_weight": 146.58299255371094,
        "blocks.3.self_attn.out_proj.weight": 96.32009887695312,
        "blocks.3.linear1.weight": 139.74420166015625,
        "blocks.3.linear2.weight": 104.70869445800781,
        "blocks.4.self_attn.in_proj_weight": 143.1167449951172,
        "blocks.4.self_attn.out_proj.weight": 93.75810241699219,
        "blocks.4.linear1.weight": 137.51011657714844,
        "blocks.4.linear2.weight": 99.93265533447266,
        "blocks.5.self_attn.in_proj_weight": 141.5771942138672,
        "blocks.5.self_attn.out_proj.weight": 90.07097625732422,
        "blocks.5.linear1.weight": 137.29075622558594,
        "blocks.5.linear2.weight": 97.4185562133789,
        "blocks.6.self_attn.in_proj_weight": 140.11732482910156,
        "blocks.6.self_attn.out_proj.weight": 88.20922088623047,
        "blocks.6.linear1.weight": 137.59466552734375,
        "blocks.6.linear2.weight": 92.69416046142578,
        "blocks.7.self_attn.in_proj_weight": 138.2754669189453,
        "blocks.7.self_attn.out_proj.weight": 89.29157257080078,
        "blocks.7.linear1.weight": 135.41062927246094,
        "blocks.7.linear2.weight": 88.02288055419922,
        "blocks.8.self_attn.in_proj_weight": 138.0762939453125,
        "blocks.8.self_attn.out_proj.weight": 90.51219177246094,
        "blocks.8.linear1.weight": 130.65403747558594,
        "blocks.8.linear2.weight": 82.06066131591797,
        "blocks.9.self_attn.in_proj_weight": 136.5232391357422,
        "blocks.9.self_attn.out_proj.weight": 92.95516967773438,
        "blocks.9.linear1.weight": 128.50587463378906,
        "blocks.9.linear2.weight": 76.74706268310547,
        "blocks.10.self_attn.in_proj_weight": 133.1189422607422,
        "blocks.10.self_attn.out_proj.weight": 100.31846618652344,
        "blocks.10.linear1.weight": 118.24671936035156,
        "blocks.10.linear2.weight": 73.43240356445312,
        "blocks.11.self_attn.in_proj_weight": 138.3300018310547,
        "blocks.11.self_attn.out_proj.weight": 101.0716781616211,
        "blocks.11.linear1.weight": 93.39079284667969,
        "blocks.11.linear2.weight": 45.290313720703125,
        "head.weight": 9.469839096069336
      }
    },
    {
      "mode": "M",
      "seed": 2,
      "train_acc": 1.0,
      "test_acc": 0.6697,
      "mean_block0_attn_rank": 144.81756591796875,
      "mean_block0_mlp_rank": 121.20149230957031,
      "ranks": {
        "blocks.0.self_attn.in_proj_weight": 144.81756591796875,
        "blocks.0.self_attn.out_proj.weight": 110.99964904785156,
        "blocks.0.linear1.weight": 121.20149230957031,
        "blocks.0.linear2.weight": 144.07872009277344,
        "blocks.1.self_attn.in_proj_weight": 152.05966186523438,
        "blocks.1.self_attn.out_proj.weight": 110.3068618774414,
        "blocks.1.linear1.weight": 140.4726104736328,
        "blocks.1.linear2.weight": 127.65719604492188,
        "blocks.2.self_attn.in_proj_weight": 149.02139282226562,
        "blocks.2.self_attn.out_proj.weight": 103.75255584716797,
        "blocks.2.linear1.weight": 141.82455444335938,
        "blocks.2.linear2.weight": 106.64159393310547,
        "blocks.3.self_attn.in_proj_weight": 146.54881286621094,
        "blocks.3.self_attn.out_proj.weight": 98.14166259765625,
        "blocks.3.linear1.weight": 138.60177612304688,
        "blocks.3.linear2.weight": 93.18403625488281,
        "blocks.4.self_attn.in_proj_weight": 143.94268798828125,
        "blocks.4.self_attn.out_proj.weight": 95.42203521728516,
        "blocks.4.linear1.weight": 137.60003662109375,
        "blocks.4.linear2.weight": 88.23690795898438,
        "blocks.5.self_attn.in_proj_weight": 138.81190490722656,
        "blocks.5.self_attn.out_proj.weight": 93.19976806640625,
        "blocks.5.linear1.weight": 136.37222290039062,
        "blocks.5.linear2.weight": 87.01866149902344,
        "blocks.6.self_attn.in_proj_weight": 137.6306915283203,