{
  "M": [
    {
      "seed": 0,
      "wd": 0.0,
      "final_test_acc": 0.05828392505645752,
      "eigs_full": [
        335.2722101597667,
        110.6262525683509,
        101.14506258219515,
        99.7737433279997,
        89.75090945247727,
        85.66992871208488,
        83.85459549088367,
        81.45687008079483,
        77.64411545976485,
        76.50571073208174,
        73.60922913345796,
        71.14988981635005,
        68.24430382206296,
        66.4292368258774,
        60.234476442238396,
        59.06903002288607,
        55.154393024333494,
        50.63583477529221,
        47.80341616522866,
        43.915587247127625,
        40.1984403182521,
        37.768893153038,
        33.524582385891144,
        28.508261975567727,
        25.889144940457918,
        22.52134246114569,
        18.364538645741778,
        15.720788657472415,
        12.610669524123585,
        9.989352655971185,
        7.519692031042359,
        5.383482936609644,
        3.322331391791012,
        1.6983560430430578,
        0.22106194230873444,
        -0.04061260025670303,
        -0.8880337651123682,
        -2.327459412392346,
        -2.548329551646527,
        -7.82066111304069
      ],
      "eigs_train": [
        6.741445855707375e-07,
        2.387575232375589e-07,
        2.1354416046306944e-07,
        1.5181044127543123e-07,
        1.449605644874134e-07,
        1.3629984733392683e-07,
        1.3109324985595715e-07,
        1.2729654310697676e-07,
        1.263270021509619e-07,
        1.2181919033454367e-07,
        1.1864752226128405e-07,
        1.1452928496094819e-07,
        1.1150433254380238e-07,
        1.0540811020478313e-07,
        1.012270824940428e-07,
        9.501123174064828e-08,
        8.913621659687754e-08,
        8.396829310569545e-08,
        8.00474973918023e-08,
        7.428869611931341e-08,
        6.881085304943418e-08,
        6.313563943142586e-08,
        5.737013547207972e-08,
        5.042667089820972e-08,
        4.5736236838876486e-08,
        3.9792679370907745e-08,
        3.51315874333496e-08,
        3.068830659748807e-08,
        2.5616338650945678e-08,
        2.1423918119538697e-08,
        1.7195461860451862e-08,
        1.3624696411419374e-08,
        1.0393517493112344e-08,
        7.888225868023292e-09,
        5.4354139881106626e-09,
        3.5856739515469552e-09,
        2.0711840209511245e-09,
        9.36386307996801e-10,
        2.602988028618827e-10,
        9.271139223359646e-13
      ],
      "top_eig_full": 335.2722101597667,
      "bot_eig_full": -7.82066111304069,
      "top_eig_train": 6.741445855707375e-07,
      "bot_eig_train": 9.271139223359646e-13,
      "n_near_zero_full": 0,
      "n_near_zero_train": 1,
      "cond_full": 42.87005987265086,
      "trace_full": 1987.560638461262
    },
    {
      "seed": 1,
      "wd": 0.0,
      "final_test_acc": 0.01868217997252941,
      "eigs_full": [
        181.50284543399962,
        104.9260573883489,
        101.88405449294814,
        98.66923060825596,
        91.44772303986535,
        90.75293774916642,
        88.43707851290996,
        84.81552001751689,
        82.83871907149602,
        80.56444879007694,
        76.50529030144484,
        74.26732432478649,
        72.1871608171524,
        67.18278357488072,
        64.77543517926507,
        60.50914397867134,
        56.920320791319085,
        53.87190015700452,
        48.961821004689675,
        45.595882226618386,
        41.56585537615017,
        37.729844015704394,
        34.16951658601582,
        30.092887972490452,
        27.167060123704683,
        22.737521298184866,
        19.320295975369213,
        15.560912742272054,
        12.511826030885398,
        9.720686019678627,
        7.01802923758265,
        4.799376263879305,
        2.7226005855433764,
        0.9418443156915979,
        0.010139867626969482,
        -0.4497326271397366,
        -1.6923873911439486,
        -3.8453060297395534,
        -4.9702625936272655,
        -7.6877615575670095
      ],
      "eigs_train": [
        4.806009278118362e-07,
        2.0852908188523554e-07,
        1.7886524971391016e-07,
        1.609628423994954e-07,
        1.5171172021538244e-07,
        1.483157676876851e-07,
        1.444118840519777e-07,
        1.400724507124601e-07,
        1.3953318544588822e-07,
        1.3377183091783416e-07,
        1.290745177631361e-07,
        1.2491637528955807e-07,
        1.204225549631693e-07,
        1.1407398369597345e-07,
        1.1236157356514481e-07,
        1.0207867876102347e-07,
        9.758434221239517e-08,
        9.161450499692042e-08,
        8.700487541622426e-08,
        7.863871748099069e-08,
        7.290658974937755e-08,
        6.826659759696616e-08,
        6.063363252848003e-08,
        5.612415740029439e-08,
        5.038420298786835e-08,
        4.3916796496624546e-08,
        3.667009127865241e-08,
        3.210608752939492e-08,
        2.792087176439488e-08,
        2.3070954167181947e-08,
        1.8927919909587783e-08,
        1.4777928910909193e-08,
        1.1148645979649867e-08,
        8.427112390782842e-09,
        5.871571689804304e-09,
        3.810996150522513e-09,
        2.214584308184912e-09,
        1.031012639248521e-09,
        2.794582538575433e-10,
        1.009672411247065e-12
      ],
      "top_eig_full": 181.50284543399962,
      "bot_eig_full": -7.6877615575670095,
      "top_eig_train": 4.806009278118362e-07,
      "bot_eig_train": 1.009672411247065e-12,
      "n_near_zero_full": 1,
      "n_near_zero_train": 1,
      "cond_full": 23.60932295764918,
      "trace_full": 1874.0386236719787
    },
    {
      "seed": 2,
      "wd": 0.0,
      "final_test_acc": 0.10359100997447968,
      "eigs_full": [
        277.07566607732065,
        96.10092842347488,
        93.47345427211201,
        92.83044762295185,
        88.99344579959845,
        84.20636965955414,
        83.88327385060592,
        80.06662235542565,
        79.02292236876775,
        75.66448746330526,
        72.7506302816004,
        69.6508286937567,
        67.14679902743771,
        63.90135894658232,
        61.10339152316253,
        58.51007069176786,
        54.807974512558744,
        50.36314634080508,
        46.64114444745057,
        43.63682030665055,
        40.15369889248886,
        37.483085051490804,
        32.66476482737034,
        28.97949465455565,
        26.01131222099565,
        22.291166753296654,
        19.166391840925986,
        15.794470509377648,
        12.922045561442847,
        10.41143957242508,
        8.047135969107435,
        5.882757366577209,
        3.8644152114491708,
        2.1227412462740616,
        0.6872483790951338,
        0.007489737096982451,
        -0.3829813990989489,
        -1.3948554411490701,
        -1.876603801311513,
        -7.235585850464391
      ],