{
  "epoch": [
    0,
    1500,
    3000,
    4500,
    6000,
    7500,
    9000,
    10500,
    12000,
    13500,
    15000
  ],
  "test_acc": [
    0.06141626834869385,
    0.08613938838243484,
    0.09945183992385864,
    0.10828951746225357,
    0.11735093593597412,
    0.1505761295557022,
    0.26244547963142395,
    0.8255957365036011,
    1.0,
    1.0,
    1.0
  ],
  "top_eig": [
    305.6371362421196,
    70.63999923415395,
    70.1852459256479,
    69.44302194961347,
    63.65792987542227,
    57.08223548531532,
    64.40789347188547,
    38.67549406467879,
    0.3037497032855754,
    0.002744472683133381,
    0.0011093963576911392
  ],
  "bot_eig": [
    0.021944088395684958,
    0.008854599742335267,
    0.008773748006206006,
    0.008791052270680666,
    0.008132667280733585,
    0.006738126277923584,
    0.006881118752062321,
    0.0018597824673634022,
    5.996116669848561e-07,
    1.3040556723353802e-07,
    -1.9755873381654965e-08
  ]
}