{
  "1L_Transf_M_seed0": {
    "train": {
      "top": 6.741423580546935e-07,
      "bottom": -1.0747750911477283e-08
    },
    "test": {
      "top": 478.9229005689267,
      "bottom": 0.02875753538683057
    },
    "full": {
      "top": 335.2721958166221,
      "bottom": 0.020883620949462056
    }
  },
  "1L_Transf_G_seed0": {
    "train": {
      "top": 3.134146995215081e-05,
      "bottom": -5.7002318420984466e-08
    },
    "test": {
      "top": 0.43078812968997227,
      "bottom": 2.628767106216401e-07
    },
    "full": {
      "top": 0.30157717722704547,
      "bottom": 2.234755811514333e-07
    }
  },
  "1L_Transf_M_seed1": {
    "train": {
      "top": 5.576382329456481e-07,
      "bottom": -1.814310746084402e-08
    },
    "test": {
      "top": 347.1254221732961,
      "bottom": 0.022958176443353295
    },
    "full": {
      "top": 243.00682411971502,
      "bottom": 0.01655921107158065
    }
  },
  "1L_Transf_G_seed1": {
    "train": {
      "top": 6.99408764168151e-05,
      "bottom": -1.1803262700560424e-07
    },
    "test": {
      "top": 0.0001710225336195581,
      "bottom": 1.482846099243318e-07
    },
    "full": {
      "top": 0.00013945671171267104,
      "bottom": -8.025200282091305e-09
    }
  },
  "4L_Transf_M_seed0": {
    "train": {
      "top": 2.937297920808164e-06,
      "bottom": -9.200954420585106e-08
    },
    "test": {
      "top": 37789.93393330311,
      "bottom": -80.17095175315626
    },
    "full": {
      "top": 26466.50632885658,
      "bottom": -21.292392659917823
    }
  },
  "4L_Transf_G_seed0": {
    "train": {
      "top": 103.70798642886477,
      "bottom": 0.0003251908281924898
    },
    "test": {
      "top": 160.59438811732133,
      "bottom": -0.13886276771029316
    },
    "full": {
      "top": 142.39773812790799,
      "bottom": -0.0037919749798902558
    }
  },
  "4L_Transf_M_seed1": {
    "train": {
      "top": 2.3416499768059084e-06,
      "bottom": -7.214952768563876e-08
    },
    "test": {
      "top": 18953.356203652133,
      "bottom": -1842.7583449349622
    },
    "full": {
      "top": 13220.464874789948,
      "bottom": -1005.5377661271195
    }
  },
  "4L_Transf_G_seed1": {
    "train": {
      "top": 0.22534738928256393,
      "bottom": 2.1707039992158172e-06
    },
    "test": {
      "top": -27.170559912374223,
      "bottom": -92.04689226565027
    },
    "full": {
      "top": -56.63531551973148,
      "bottom": -64.43435956993952
    }
  },
  "MLP_M_seed0": {
    "train": {
      "top": 2.1924239383772776e-07,
      "bottom": -7.802089152519898e-08
    },
    "test": {
      "top": 123.97807206911966,
      "bottom": 0.005707140080630779
    },
    "full": {
      "top": 88.74877956416458,
      "bottom": 0.004141034558415413
    }
  },
  "MLP_G_seed0": {
    "train": {
      "top": 4.533929828620664e-05,
      "bottom": -2.2474403360561723e-07
    },
    "test": {
      "top": 5.402600797022039e-05,
      "bottom": 3.8111403366514196e-08
    },
    "full": {
      "top": 5.1379354502500973e-05,
      "bottom": 5.8450865481063374e-08
    }
  },
  "MLP_M_seed1": {
    "train": {
      "top": 2.1700810806744159e-07,
      "bottom": -2.2506912844555416e-07
    },
    "test": {
      "top": 129.28518850030378,
      "bottom": 0.00580816064029932
    },
    "full": {
      "top": 89.91831901832484,
      "bottom": 0.004373397212475538
    }
  },
  "MLP_G_seed1": {
    "train": {
      "top": 4.4660234413407274e-05,
      "bottom": -6.411749065016181e-08
    },
    "test": {
      "top": 5.221231424479278e-05,
      "bottom": -1.130708819907511e-07
    },
    "full": {
      "top": 4.912926358136005e-05,
      "bottom": -1.2668065796361816e-07
    }
  }
}