{
  "epoch": [
    0,
    1500,
    3000,
    4500,
    6000,
    7500,
    9000,
    10500,
    12000,
    13500,
    15000
  ],
  "test_acc": [
    0.06141626834869385,
    0.08613938838243484,
    0.09945183992385864,
    0.10828951746225357,
    0.11735093593597412,
    0.1505761295557022,
    0.26244547963142395,
    0.8255957365036011,
    1.0,
    1.0,
    1.0
  ],
  "top_eig": [
    305.63720289513003,
    70.6671782565536,
    67.74877655503224,
    69.58393920434173,
    62.69492946844548,
    59.778177535161376,
    64.4078797508264,
    38.67549689399311,
    0.3037496715551242,
    0.002744472708457124,
    0.0011093964487116637
  ],
  "bot_eig": [
    305.63716737070354,
    71.5385985364046,
    70.17300771232112,
    68.95686848106561,
    62.04418060812168,
    59.74932058970444,
    64.40789680089802,
    38.67548725269444,
    0.3037497318109672,
    0.0027444724460110592,
    0.001109396291980147
  ]
}