{"epoch": [0, 1, 2, 3, 4, 5, 6, 7, 8, 9, 10, 11, 12, 13, 14, 15, 16, 17, 18, 19, 20, 21, 22, 23, 24, 25, 26, 27, 28, 29, 30, 31, 32, 33, 34, 35, 36, 37, 38, 39, 40, 41, 42, 43, 44, 45, 46, 47, 48, 49, 50, 51, 52, 53, 54, 55, 56, 57, 58, 59, 60, 61, 62, 63, 64, 65, 66, 67, 68, 69, 70, 71, 72, 73, 74, 75, 76, 77, 78, 79, 80, 81, 82, 83, 84, 85, 86, 87, 88, 89, 90, 91, 92, 93, 94, 95, 96, 97, 98, 99, 100, 101, 102, 103, 104, 105, 106, 107, 108, 109, 110, 111, 112, 113, 114, 115, 116, 117, 118, 119, 120, 121, 122, 123, 124, 125, 126, 127, 128, 129, 130, 131, 132, 133, 134, 135, 136, 137, 138, 139, 140, 141, 142, 143, 144, 145, 146, 147, 148, 149, 150, 151, 152, 153, 154, 155, 156, 157, 158, 159, 160, 161, 162, 163, 164, 165, 166, 167, 168, 169, 170, 171, 172, 173, 174, 175, 176, 177, 178, 179, 180, 181, 182, 183, 184, 185, 186, 187, 188, 189, 190, 191, 192, 193, 194, 195, 196, 197, 198, 199], "train_loss": [2.0031001279067993, 1.438556065826416, 1.1329447071838379, 0.9167529816818237, 0.7599101866531373, 0.644817184753418, 0.5742997459220887, 0.5232811091041565, 0.4959376875400543, 0.4714101239204407, 0.45297074956893923, 0.4388986651992798, 0.4251134227180481, 0.4103504266548157, 0.40482801219940184, 0.39540588112831115, 0.38240541083335877, 0.37860756965637204, 0.36999429330825806, 0.3688200258255005, 0.3627382635498047, 0.3598937058067322, 0.35425319454193116, 0.35378775825500486, 0.3492402674007416, 0.345587496471405, 0.34431512519359586, 0.33897653379440307, 0.3372936367034912, 0.3278172703361511, 0.32957174492836, 0.33135892054557803, 0.3278958106899261, 0.3327599091911316, 0.32586177816390993, 0.3253255848026276, 0.32561342391967774, 0.3174138098049164, 0.3199480267524719, 0.32036172434806826, 0.3222292309999466, 0.31856956601142883, 0.3188878503417969, 0.320429313545227, 0.3137581220817566, 0.3142977635383606, 0.3148553204345703, 0.3133090296363831, 0.3136960367679596, 0.31134046330451964, 0.3113934432172775, 0.30968394828796386, 0.3142406363582611, 0.30739544638633726, 0.3087613892173767, 0.3078643312931061, 0.31031320831775666, 0.30595219318389894, 0.30372811388015747, 0.3084818868637085, 0.3096610800743103, 0.29972501255989076, 0.3083363104248047, 0.2992837003803253, 0.3046378657245636, 0.3024934995126724, 0.30149099202156066, 0.30370676216125486, 0.29912744203567504, 0.3054659018421173, 0.30216087224960325, 0.30004158283233645, 0.3009686251735687, 0.302388803524971, 0.29900686378479, 0.3009118593120575, 0.2981494731140137, 0.3007661511611939, 0.2967510242652893, 0.3035266244983673, 0.30087335552215577, 0.2952799699783325, 0.29874816097736356, 0.29699935090065005, 0.2953134324455261, 0.298128236284256, 0.2959197082042694, 0.2968247405815124, 0.29393948064804076, 0.29828021544456484, 0.29780635278701784, 0.3000707420158386, 0.29344694799423215, 0.29743926736831666, 0.3013895998764038, 0.29840000324249266, 0.29722403190135954, 0.294762042427063, 0.2973219040775299, 0.29868114274978635, 0.2970271036911011, 0.29168825328826903, 0.29724099584579466, 0.29368519488334655, 0.2942712265968323, 0.2977973421669006, 0.29485113010406494, 0.2966068310165405, 0.2936695774459839, 0.29215136828422544, 0.29589002042770385, 0.29326447667598726, 0.29016153210639956, 0.2960930519294739, 0.29466658400535584, 0.29164339195251465, 0.2908076323413849, 0.292640179142952, 0.2956738104581833, 0.29286646978378295, 0.2922713524723053, 0.28708128763198854, 0.28934789346694945, 0.2943572429847717, 0.2920972215270996, 0.2929886952590942, 0.29404525495529177, 0.2940378343009949, 0.2910243051433563, 0.2884889619922638, 0.29026634308815, 0.29497735916137696, 0.2889416227722168, 0.2998409234046936, 0.2886453108024597, 0.29083435257911683, 0.28699845095634463, 0.2951378306007385, 0.29441723851203916, 0.2920469682216644, 0.2870054011917114, 0.28967431089401247, 0.29597622861862183, 0.29203573293685914, 0.2896439445447922, 0.28918212383270264, 0.28880852303504945, 0.2892270147514343, 0.291607767534256, 0.2899603637313843, 0.29233714758872986, 0.2866475495529175, 0.28802297970294954, 0.29010701395988464, 0.29010349556922915, 0.28755597393035887, 0.2888316621685028, 0.28973946062088013, 0.28851691061019896, 0.2913550833320618, 0.2926819743347168, 0.2885062042808533, 0.2874296241569519, 0.2860329520511627, 0.28858350399971006, 0.28684941025733945, 0.28678745975494385, 0.2915248820877075, 0.28683674268722537, 0.29091389177322385, 0.29094649612903595, 0.291248811750412, 0.29118659189224244, 0.28351085025787354, 0.29099163759231567, 0.28896452818870544, 0.28564322448730467, 0.289079249048233, 0.2817886540985107, 0.285585175037384, 0.2887619729614258, 0.2926832367277145, 0.2841827203178406, 0.29007309385299684, 0.29409962039947507, 0.28873703223228453, 0.28805426643371584, 0.2896979801940918, 0.287523575630188, 0.2881548049211502, 0.282295420217514, 0.28798300821304323, 0.2897105096244812, 0.2849963069248199, 0.29200713504314424, 0.290518701915741, 0.28436879945755006, 0.286947909784317, 0.284765129070282, 0.2927966217136383],