{
  "1L_Transf_add_wd0.0": {
    "arch": "1L_Transf",
    "op": "add",
    "wd": 0.0,
    "train_acc": 1.0,
    "test_acc": 0.058060187846422195,
    "rank": 97.36672973632812,
    "grad_train": 2.0366189566268893e-09,
    "grad_test": 18.20241600490583,
    "grok_epoch": null
  },
  "1L_Transf_add_wd0.01": {
    "arch": "1L_Transf",
    "op": "add",
    "wd": 0.01,
    "train_acc": 1.0,
    "test_acc": 0.055487193167209625,
    "rank": 96.5979995727539,
    "grad_train": 5.932612071614205e-09,
    "grad_test": 15.77493643469924,
    "grok_epoch": null
  },
  "1L_Transf_add_wd0.1": {
    "arch": "1L_Transf",
    "op": "add",
    "wd": 0.1,
    "train_acc": 1.0,
    "test_acc": 0.06544356048107147,
    "rank": 89.24530029296875,
    "grad_train": 1.228277012971228e-07,
    "grad_test": 10.228119394510331,
    "grok_epoch": null
  },
  "1L_Transf_add_wd1.0": {
    "arch": "1L_Transf",
    "op": "add",
    "wd": 1.0,
    "train_acc": 1.0,
    "test_acc": 0.0875936895608902,
    "rank": 60.299583435058594,
    "grad_train": 9.998387409339771e-07,
    "grad_test": 6.581764544656997,
    "grok_epoch": null
  },
  "1L_Transf_subtract_wd0.0": {
    "arch": "1L_Transf",
    "op": "subtract",
    "wd": 0.0,
    "train_acc": 1.0,
    "test_acc": 0.0010068240808323026,
    "rank": 96.88932037353516,
    "grad_train": 1.2955754001137222e-09,
    "grad_test": 15.166935229346478,
    "grok_epoch": null
  },
  "1L_Transf_subtract_wd0.01": {
    "arch": "1L_Transf",
    "op": "subtract",
    "wd": 0.01,
    "train_acc": 1.0,
    "test_acc": 0.0013424321077764034,
    "rank": 96.35496520996094,
    "grad_train": 1.0609258188139518e-08,
    "grad_test": 13.437704177191698,
    "grok_epoch": null
  },
  "1L_Transf_subtract_wd0.1": {
    "arch": "1L_Transf",
    "op": "subtract",
    "wd": 0.1,
    "train_acc": 1.0,
    "test_acc": 0.0014543014112859964,
    "rank": 88.4704360961914,
    "grad_train": 6.528005464532609e-08,
    "grad_test": 10.28661684821895,
    "grok_epoch": null
  },
  "1L_Transf_subtract_wd1.0": {
    "arch": "1L_Transf",
    "op": "subtract",
    "wd": 1.0,
    "train_acc": 1.0,
    "test_acc": 0.005145989824086428,
    "rank": 57.59346389770508,
    "grad_train": 1.0832216075408265e-06,
    "grad_test": 7.052067345429426,
    "grok_epoch": null
  },
  "1L_Transf_mult_wd0.0": {
    "arch": "1L_Transf",
    "op": "mult",
    "wd": 0.0,
    "train_acc": 1.0,
    "test_acc": 0.14979304373264313,
    "rank": 97.58243560791016,
    "grad_train": 1.9042234027166416e-09,
    "grad_test": 14.390877409696488,
    "grok_epoch": null
  },
  "1L_Transf_mult_wd0.01": {
    "arch": "1L_Transf",
    "op": "mult",
    "wd": 0.01,
    "train_acc": 1.0,
    "test_acc": 0.1476675271987915,
    "rank": 96.791748046875,
    "grad_train": 6.9653744284583235e-09,
    "grad_test": 12.87435234326685,
    "grok_epoch": null
  },
  "1L_Transf_mult_wd0.1": {
    "arch": "1L_Transf",
    "op": "mult",
    "wd": 0.1,
    "train_acc": 1.0,
    "test_acc": 0.17093634605407715,
    "rank": 88.54732513427734,
    "grad_train": 6.090242329128899e-08,
    "grad_test": 9.316220704528728,
    "grok_epoch": null
  },
  "1L_Transf_mult_wd1.0": {
    "arch": "1L_Transf",
    "op": "mult",
    "wd": 1.0,
    "train_acc": 1.0,
    "test_acc": 0.999776303768158,
    "rank": 16.711380004882812,
    "grad_train": 3.955382253882128e-07,
    "grad_test": 0.017496352319764808,
    "grok_epoch": 4000
  },
  "1L_Transf_mult_p1_wd0.0": {
    "arch": "1L_Transf",
    "op": "mult_p1",
    "wd": 0.0,
    "train_acc": 1.0,
    "test_acc": 0.0657791718840599,
    "rank": 97.22355651855469,
    "grad_train": 1.4495430050243003e-09,
    "grad_test": 13.407914659449117,
    "grok_epoch": null
  },
  "1L_Transf_mult_p1_wd0.01": {
    "arch": "1L_Transf",
    "op": "mult_p1",
    "wd": 0.01,
    "train_acc": 1.0,
    "test_acc": 0.06656225770711899,
    "rank": 96.64347839355469,
    "grad_train": 5.894691570603637e-09,
    "grad_test": 11.6541883159715,
    "grok_epoch": null
  },
  "1L_Transf_mult_p1_wd0.1": {
    "arch": "1L_Transf",
    "op": "mult_p1",
    "wd": 0.1,
    "train_acc": 1.0,
    "test_acc": 0.07405750453472137,
    "rank": 88.65167999267578,
    "grad_train": 6.368339410727781e-08,
    "grad_test": 9.097977368515254,
    "grok_epoch": null
  },
  "1L_Transf_mult_p1_wd1.0": {
    "arch": "1L_Transf",
    "op": "mult_p1",
    "wd": 1.0,
    "train_acc": 1.0,
    "test_acc": 0.1638885885477066,
    "rank": 51.684627532958984,
    "grad_train": 9.54028246691467e-07,
    "grad_test": 5.442237492157806,
    "grok_epoch": null
  },
  "4L_Transf_add_wd0.0": {
    "arch": "4L_Transf",
    "op": "add",
    "wd": 0.0,
    "train_acc": 1.0,
    "test_acc": 0.003915426786988974,
    "rank": 112.41807556152344,
    "grad_train": 4.0104866346206483e-10,
    "grad_test": 75.71434445533241,
    "grok_epoch": null
  },
  "4L_Transf_add_wd0.01": {
    "arch": "4L_Transf",
    "op": "add",
    "wd": 0.01,
    "train_acc": 1.0,
    "test_acc": 0.004922250751405954,
    "rank": 112.22665405273438,
    "grad_train": 5.644436108985979e-09,
    "grad_test": 83.75308185441982,
    "grok_epoch": null
  },
  "4L_Transf_add_wd0.1": {
    "arch": "4L_Transf",
    "op": "add",
    "wd": 0.1,
    "train_acc": 1.0,
    "test_acc": 0.013312451541423798,
    "rank": 106.7502670288086,
    "grad_train": 4.0239644617622406e-08,
    "grad_test": 40.92450882881794,
    "grok_epoch": null
  },
  "4L_Transf_add_wd1.0": {
    "arch": "4L_Transf",
    "op": "add",
    "wd": 1.0,
    "train_acc": 1.0,
    "test_acc": 1.0,
    "rank": 12.7669095993042,
    "grad_train": 0.005715644343952468,
    "grad_test": 0.03541381156077776,
    "grok_epoch": 4500
  },
  "4L_Transf_subtract_wd0.0": {
    "arch": "4L_Transf",
    "op": "subtract",
    "wd": 0.0,
    "train_acc": 1.0,
    "test_acc": 0.002125517465174198,
    "rank": 112.26432800292969,
    "grad_train": 4.087762795340726e-10,
    "grad_test": 78.4271865807453,
    "grok_epoch": null
  },
  "4L_Transf_subtract_wd0.01": {
    "arch": "4L_Transf",
    "op": "subtract",
    "wd": 0.01,
    "train_acc": 1.0,
    "test_acc": 0.0019017787417396903,
    "rank": 112.08038330078125,
    "grad_train": 4.658182351933028e-09,
    "grad_test": 70.1520326291811,
    "grok_epoch": null
  },
  "4L_Transf_subtract_wd0.1": {
    "arch": "4L_Transf",
    "op": "subtract",
    "wd": 0.1,
    "train_acc": 1.0,
    "test_acc": 0.0014543014112859964,
    "rank": 107.39152526855469,
    "grad_train": 0.0006495399617668141,
    "grad_test": 20.0376222193734,
    "grok_epoch": null
  },
  "4L_Transf_subtract_wd1.0": {
    "arch": "4L_Transf",
    "op": "subtract",
    "wd": 1.0,
    "train_acc": 1.0,
    "test_acc": 0.005034120287746191,
    "rank": 59.01840591430664,
    "grad_train": 0.038104635994732544,
    "grad_test": 17.761922756430764,
    "grok_epoch": null
  },
  "4L_Transf_mult_wd0.0": {
    "arch": "4L_Transf",
    "op": "mult",
    "wd": 0.0,
    "train_acc": 1.0,
    "test_acc": 0.022261999547481537,
    "rank": 112.29029846191406,
    "grad_train": 3.9767976377488813e-10,
    "grad_test": 71.5023365122042,
    "grok_epoch": null
  },
  "4L_Transf_mult_wd0.01": {
    "arch": "4L_Transf",
    "op": "mult",
    "wd": 0.01,
    "train_acc": 1.0,
    "test_acc": 0.02181452140212059,
    "rank": 112.13101196289062,
    "grad_train": 5.915225787729403e-09,
    "grad_test": 69.31458925837275,
    "grok_epoch": null
  },
  "4L_Transf_mult_wd0.1": {
    "arch": "4L_Transf",
    "op": "mult",
    "wd": 0.1,
    "train_acc": 1.0,
    "test_acc": 0.03445575758814812,
    "rank": 107.8326644897461,
    "grad_train": 0.021624379708176343,
    "grad_test": 14.832122046084198,
    "grok_epoch": null
  },
  "4L_Transf_mult_wd1.0": {
    "arch": "4L_Transf",
    "op": "mult",
    "wd": 1.0,
    "train_acc": 1.0,
    "test_acc": 1.0,
    "rank": 14.677574157714844,
    "grad_train": 0.09579319606103727,
    "grad_test": 0.3216740593705626,
    "grok_epoch": 4500
  },