{
  "M": {
    "tr_margins": "omitted",
    "te_margins": "omitted",
    "ranks": {
      "conv1": {
        "eff": 8.247618675231934,
        "stable": 3.8423032760620117,
        "shape": [
          64,
          27
        ]
      },
      "layer4.1.conv2": {
        "eff": 363.24542236328125,
        "stable": 46.60511779785156,
        "shape": [
          512,
          4608
        ]
      },
      "fc": {
        "eff": 8.82222843170166,
        "stable": 6.488076210021973,
        "shape": [
          10,
          512
        ]
      }
    },
    "grad_train": 0.00015460952913918288,
    "grad_test": 29.39798016259588,
    "mia_acc": 0.537
  },
  "G": {
    "tr_margins": "omitted",
    "te_margins": "omitted",
    "ranks": {
      "conv1": {
        "eff": 8.177863121032715,
        "stable": 4.565493106842041,
        "shape": [
          64,
          27
        ]
      },
      "layer4.1.conv2": {
        "eff": 14.636133193969727,
        "stable": 7.966879844665527,
        "shape": [
          512,
          4608
        ]
      },
      "fc": {
        "eff": 8.161208152770996,
        "stable": 4.150638580322266,
        "shape": [
          10,
          512
        ]
      }
    },
    "grad_train": 60.45787144177135,
    "grad_test": 62.62803815850215,
    "mia_acc": 0.519
  }
}