{
  "mnist": {
    "M": {
      "train_acc": 0.9997333333333334,
      "test_acc": 0.9839,
      "ranks": {
        "1.weight": 155.19390869140625,
        "3.weight": 257.3326721191406,
        "5.weight": 8.512811660766602
      },
      "grad_train": 0.032783498723133915,
      "grad_test": 2.4280943302555134
    },
    "G": {
      "train_acc": 0.9855333333333334,
      "test_acc": 0.978,
      "ranks": {
        "1.weight": 59.571556091308594,
        "3.weight": 18.587350845336914,
        "5.weight": 8.48388385772705
      },
      "grad_train": 2.355565779816245,
      "grad_test": 2.0925958160199465
    }
  },
  "shakespeare": {
    "M": {
      "ppl_train": 7.075549534471498,
      "ppl_test": 7.671905795235987,
      "ranks": {
        "pos": 1.0,
        "enc.layers.0.self_attn.in_proj_weight": 101.40152740478516,
        "enc.layers.0.self_attn.out_proj.weight": 70.35694885253906,
        "enc.layers.0.linear1.weight": 108.80632781982422,
        "enc.layers.0.linear2.weight": 101.82331085205078,
        "enc.layers.1.self_attn.in_proj_weight": 95.63845825195312,
        "enc.layers.1.self_attn.out_proj.weight": 71.26297760009766,
        "enc.layers.1.linear1.weight": 100.23670196533203,
        "enc.layers.1.linear2.weight": 79.48750305175781,
        "head.weight": 24.269777297973633
      },
      "grad_train": 2.8056472242306825,
      "grad_test": 4.0642737531654145
    },
    "G": {
      "ppl_train": 7.1584314751923515,
      "ppl_test": 7.728207024331116,
      "ranks": {
        "pos": 1.0,
        "enc.layers.0.self_attn.in_proj_weight": 100.30316162109375,
        "enc.layers.0.self_attn.out_proj.weight": 69.01612854003906,
        "enc.layers.0.linear1.weight": 108.26461791992188,
        "enc.layers.0.linear2.weight": 100.0392074584961,
        "enc.layers.1.self_attn.in_proj_weight": 92.39884185791016,
        "enc.layers.1.self_attn.out_proj.weight": 69.4117431640625,
        "enc.layers.1.linear1.weight": 98.05760192871094,
        "enc.layers.1.linear2.weight": 77.10970306396484,
        "head.weight": 23.264238357543945
      },
      "grad_train": 2.7896614254750154,
      "grad_test": 3.990351519193161
    }
  },
  "tabular": {
    "M": {
      "train_acc": 1.0,
      "test_acc": 0.8535,
      "ranks": {
        "0.weight": 52.47621536254883,
        "2.weight": 45.022647857666016,
        "4.weight": 9.632818222045898
      },
      "grad_train": 0.00017131905446491645,
      "grad_test": 5.506695843451231
    },
    "G": {
      "train_acc": 1.0,
      "test_acc": 0.8515,
      "ranks": {
        "0.weight": 52.3262939453125,
        "2.weight": 40.09977340698242,
        "4.weight": 9.594078063964844
      },
      "grad_train": 0.0002608588185419298,
      "grad_test": 5.45167529376944
    }
  }
}