{
  "M": [
    {
      "ranks": {
        "fc1.weight": 86.65374755859375,
        "fc2.weight": 139.8837432861328,
        "fc3.weight": 9.044239044189453
      },
      "hessian_top_full": 2.7957605409411803,
      "hessian_bot_full": -0.06309944615605885,
      "hessian_eigs_full": [
        2.7957605409411803,
        1.9018899537305807,
        1.4541345049921952,
        1.2792492115127403,
        1.2459500531588559,
        1.0416945476093535,
        0.9929565022320088,
        0.8935573270452634,
        0.7342774824297428,
        0.5817523315003206,
        0.4741130586029883,
        0.3806662341970823,
        0.2958513138941305,
        0.1995842526759536,
        0.08657735648400379,
        0.031090878455087578,
        5.802427201069045e-05,
        -0.010018275278439384,
        -0.037123856019321465,
        -0.06309944615605885
      ],
      "hessian_top_train": 3.4768553897016767,
      "hessian_bot_train": -0.009787792929725838,
      "cos_grad_train_test": 0.029572349041700363,
      "angle_deg": 88.30538215111255,
      "grad_train_norm": 0.016220252960920334,
      "grad_test_norm": 0.47787395119667053,
      "grad_ratio_test_over_train": 29.461559295654297,
      "mia_loss_auc": 0.32382817499999994,
      "mean_train_loss": 0.0021678966004401445,
      "mean_test_loss": 0.3736909031867981,
      "train_acc": 0.9997,
      "test_acc": 0.9837,
      "seed": 0,
      "wd": 0.0
    },
    {
      "ranks": {
        "fc1.weight": 85.45320892333984,
        "fc2.weight": 141.9114227294922,
        "fc3.weight": 9.16489028930664
      },
      "hessian_top_full": 4.02026140363669,
      "hessian_bot_full": -0.13564083681643554,
      "hessian_eigs_full": [
        4.02026140363669,
        2.408236537935224,
        2.277890782584497,
        1.907146743930813,
        1.5349872857178337,
        1.356273041067579,
        1.2077101773530172,
        1.0281608378640326,
        0.8876247470148678,
        0.7527152179544581,
        0.5931694044456046,
        0.47549608579029023,
        0.3494699459885774,
        0.21447472585987534,
        0.10437248178699271,
        0.017924486999409916,
        -5.860852186124875e-05,
        -0.040166970937901086,
        -0.09978180139228547,
        -0.13564083681643554
      ],
      "hessian_top_train": 1.6538264661642013,
      "hessian_bot_train": -0.06653950471891887,
      "cos_grad_train_test": 0.3578018844127655,
      "angle_deg": 69.03473655888659,
      "grad_train_norm": 0.10543902963399887,
      "grad_test_norm": 0.5999488234519958,
      "grad_ratio_test_over_train": 5.690007209777832,
      "mia_loss_auc": 0.3227891383333333,
      "mean_train_loss": 0.010343542322516441,
      "mean_test_loss": 0.42727890610694885,
      "train_acc": 0.9989333333333333,
      "test_acc": 0.9832,
      "seed": 1,
      "wd": 0.0
    },
    {
      "ranks": {
        "fc1.weight": 85.12030029296875,
        "fc2.weight": 140.1018829345703,
        "fc3.weight": 9.021844863891602
      },
      "hessian_top_full": 2.129014443893131,
      "hessian_bot_full": -0.0605882638998065,
      "hessian_eigs_full": [
        2.129014443893131,
        1.6548831119912681,
        1.0840404980306353,
        0.7163652041279218,
        0.5960391104134783,
        0.4776118208559047,
        0.41441672277274133,
        0.4051770644301898,
        0.35753693120548324,
        0.31545800276606195,
        0.2358988358960028,
        0.18630548821375856,
        0.10823048374527314,
        0.055163909149172324,
        0.025709961370134395,
        0.00010730167511439921,
        -0.0036472582685167314,
        -0.02659314666889596,
        -0.04524668281009584,
        -0.0605882638998065
      ],
      "hessian_top_train": 1.7980816996731908,
      "hessian_bot_train": -0.04876965431590759,
      "cos_grad_train_test": 0.15736566483974457,
      "angle_deg": 80.9459770777271,
      "grad_train_norm": 0.08660569787025452,
      "grad_test_norm": 0.4159161448478699,
      "grad_ratio_test_over_train": 4.802411079406738,
      "mia_loss_auc": 0.32057176666666665,
      "mean_train_loss": 0.0039000508841127157,
      "mean_test_loss": 0.4761753976345062,
      "train_acc": 0.9995166666666667,
      "test_acc": 0.9834,
      "seed": 2,
      "wd": 0.0
    },
    {
      "ranks": {
        "fc1.weight": 86.95051574707031,
        "fc2.weight": 138.0337677001953,
        "fc3.weight": 9.189558029174805
      },
      "hessian_top_full": 1.0307277155268935,
      "hessian_bot_full": -0.0519237507698942,
      "hessian_eigs_full": [
        1.0307277155268935,
        0.8978226225312014,
        0.7340940449782315,
        0.6778739756208622,
        0.6386271659062264,
        0.5016163711764914,
        0.45549538705146847,
        0.4010943413235826,
        0.37090631420962733,
        0.29488139940617747,
        0.24072853855231285,
        0.20582597824924476,
        0.14287405949200238,
        0.09785639629730032,
        0.034246568411792085,
        0.008734302711904554,
        -3.675835109585172e-05,
        -0.018749121473806057,
        -0.036358443211221635,
        -0.0519237507698942
      ],
      "hessian_top_train": 1.0091983797358959e-07,
      "hessian_bot_train": -4.821873043398234e-08,
      "cos_grad_train_test": 0.004308949690312147,
      "angle_deg": 89.75311460461809,
      "grad_train_norm": 1.4221359645461007e-09,
      "grad_test_norm": 0.34563755989074707,
      "grad_ratio_test_over_train": 243041152.0,
      "mia_loss_auc": 0.32484773,
      "mean_train_loss": 0.0,
      "mean_test_loss": 0.229933962225914,
      "train_acc": 1.0,
      "test_acc": 0.9861,
      "seed": 3,
      "wd": 0.0
    },
    {
      "ranks": {
        "fc1.weight": 86.7418441772461,
        "fc2.weight": 139.70382690429688,
        "fc3.weight": 9.097728729248047
      },
      "hessian_top_full": 1.625158962923161,
      "hessian_bot_full": -0.0725941709622771,
      "hessian_eigs_full": [
        1.625158962923161,
        1.4734147208855717,
        1.3263460921991692,
        1.3003985263841167,
        1.1554242827876267,
        1.002475732578377,
        0.9705388883455746,
        0.7883657955337158,
        0.6716084335656018,
        0.5467159253306451,
        0.49658826291514335,
        0.29383553801747136,
        0.24139120248395984,
        0.1662174329820877,
        0.08543069367253815,
        0.02803146880574358,
        1.5573398423792417e-05,
        -0.019027342502083874,
        -0.048291702449742194,
        -0.0725941709622771
      ],
      "hessian_top_train": 1.127585116341496,
      "hessian_bot_train": -0.038695576872507166,
      "cos_grad_train_test": 0.011667578481137753,
      "angle_deg": 89.33148182747891,
      "grad_train_norm": 0.05912313237786293,
      "grad_test_norm": 0.5002882480621338,
      "grad_ratio_test_over_train": 8.46180248260498,
      "mia_loss_auc": 0.3223678316666667,
      "mean_train_loss": 0.004601594060659409,
      "mean_test_loss": 0.4241011142730713,
      "train_acc": 0.9996166666666667,
      "test_acc": 0.9839,
      "seed": 4,
      "wd": 0.0
    }
  ],
  "G": [
    {
      "ranks": {
        "fc1.weight": 86.06504821777344,
        "fc2.weight": 140.43531799316406,
        "fc3.weight": 8.93988037109375
      },
      "hessian_top_full": 2.999915469897389,
      "hessian_bot_full": -0.06822773570265518,
      "hessian_eigs_full": [
        2.999915469897389,
        1.9949882865588862,
        1.9179729684169418,
        1.5480124575805712,
        1.3237479750188859,
        1.2876495407153958,
        1.1493378468379265,
        1.0158453820335427,
        0.9433550285730805,
        0.7452081109823462,
        0.6582690498691859,
        0.5207662533037671,
        0.402809975653081,
        0.269960436284232,
        0.1564155570648749,
        0.04839403492268106,
        0.0022292885163431517,
        -0.0004424862350247038,
        -0.03684601321523484,
        -0.06822773570265518
      ],