{
  "M": [
    {
      "ranks": {
        "conv1.weight": 4.953582763671875,
        "layer1.0.conv1.weight": 14.973020553588867,
        "layer1.0.conv2.weight": 26.781475067138672,
        "layer1.0.conv3.weight": 20.14177894592285,
        "layer1.0.downsample.0.weight": 20.556602478027344,
        "layer1.1.conv1.weight": 46.01173782348633,
        "layer1.1.conv2.weight": 29.85247230529785,
        "layer1.1.conv3.weight": 18.45005226135254,
        "layer1.2.conv1.weight": 49.82908630371094,
        "layer1.2.conv2.weight": 18.29414176940918,
        "layer1.2.conv3.weight": 11.417532920837402,
        "layer2.0.conv1.weight": 56.08039855957031,
        "layer2.0.conv2.weight": 20.18461036682129,
        "layer2.0.conv3.weight": 10.535988807678223,
        "layer2.0.downsample.0.weight": 35.27379608154297,
        "layer2.1.conv1.weight": 47.50419998168945,
        "layer2.1.conv2.weight": 13.373104095458984,
        "layer2.1.conv3.weight": 14.98659896850586,
        "layer2.2.conv1.weight": 76.75856018066406,
        "layer2.2.conv2.weight": 25.501380920410156,
        "layer2.2.conv3.weight": 37.19003677368164,
        "layer2.3.conv1.weight": 95.17374420166016,
        "layer2.3.conv2.weight": 52.14909362792969,
        "layer2.3.conv3.weight": 82.65045928955078,
        "layer3.0.conv1.weight": 179.54440307617188,
        "layer3.0.conv2.weight": 148.5468292236328,
        "layer3.0.conv3.weight": 136.8086700439453,
        "layer3.0.downsample.0.weight": 269.2109375,
        "layer3.1.conv1.weight": 222.236328125,
        "layer3.1.conv2.weight": 177.98313903808594,
        "layer3.1.conv3.weight": 166.39105224609375,
        "layer3.2.conv1.weight": 222.46905517578125,
        "layer3.2.conv2.weight": 184.9149169921875,
        "layer3.2.conv3.weight": 176.734619140625,
        "layer3.3.conv1.weight": 217.0510711669922,
        "layer3.3.conv2.weight": 167.28509521484375,
        "layer3.3.conv3.weight": 161.26466369628906,
        "layer3.4.conv1.weight": 213.38034057617188,
        "layer3.4.conv2.weight": 185.3553466796875,
        "layer3.4.conv3.weight": 182.0931396484375,
        "layer3.5.conv1.weight": 217.8559112548828,
        "layer3.5.conv2.weight": 193.88345336914062,
        "layer3.5.conv3.weight": 184.07766723632812,
        "layer4.0.conv1.weight": 377.4104919433594,
        "layer4.0.conv2.weight": 370.1193542480469,
        "layer4.0.conv3.weight": 324.43072509765625,
        "layer4.0.downsample.0.weight": 507.0042724609375,
        "layer4.1.conv1.weight": 413.8423156738281,
        "layer4.1.conv2.weight": 353.4299621582031,
        "layer4.1.conv3.weight": 243.1028289794922,
        "layer4.2.conv1.weight": 448.8845520019531,
        "layer4.2.conv2.weight": 439.4726867675781,
        "layer4.2.conv3.weight": 348.19964599609375,
        "fc.weight": 37.163963317871094
      },
      "hessian_top_full": 71.35934769858898,
      "hessian_bot_full": -7.237524383363426,
      "hessian_eigs_full": [
        71.35934769858898,
        66.01936236104044,
        57.791249356393536,
        41.63823814406806,
        30.180377639331905,
        19.513416623581655,
        7.650740379677044,
        0.005061354681997543,
        -0.15621058093621717,
        -7.237524383363426
      ],
      "hessian_top_train": 60.69341562285325,
      "hessian_bot_train": -11.503358703800375,
      "cos_grad_train_test": 0.04259669408202171,
      "angle_deg": 87.55865053201855,
      "grad_train_norm": 2.1662755012512207,
      "grad_test_norm": 14.240852355957031,
      "grad_ratio_test_over_train": 6.573887825012207,
      "mia_loss_auc": 0.886075,
      "mean_train_loss": 0.022584576159715652,
      "mean_test_loss": 5.1581130027771,
      "mode": "M",
      "seed": 0,
      "train_acc": 0.99788,
      "test_acc": 0.4748
    },
    {
      "ranks": {
        "conv1.weight": 2.87068772315979,
        "layer1.0.conv1.weight": 3.9339284896850586,
        "layer1.0.conv2.weight": 9.172548294067383,
        "layer1.0.conv3.weight": 9.373234748840332,
        "layer1.0.downsample.0.weight": 10.643782615661621,
        "layer1.1.conv1.weight": 37.387847900390625,
        "layer1.1.conv2.weight": 12.512293815612793,
        "layer1.1.conv3.weight": 11.524590492248535,
        "layer1.2.conv1.weight": 40.62667465209961,
        "layer1.2.conv2.weight": 12.776617050170898,
        "layer1.2.conv3.weight": 18.923805236816406,
        "layer2.0.conv1.weight": 67.13356018066406,
        "layer2.0.conv2.weight": 44.572303771972656,
        "layer2.0.conv3.weight": 41.69230651855469,
        "layer2.0.downsample.0.weight": 55.15869140625,
        "layer2.1.conv1.weight": 102.50225067138672,
        "layer2.1.conv2.weight": 45.564144134521484,
        "layer2.1.conv3.weight": 51.13275909423828,
        "layer2.2.conv1.weight": 103.05584716796875,
        "layer2.2.conv2.weight": 58.42733383178711,
        "layer2.2.conv3.weight": 66.12156677246094,
        "layer2.3.conv1.weight": 108.11067962646484,
        "layer2.3.conv2.weight": 84.48249816894531,
        "layer2.3.conv3.weight": 89.07889556884766,
        "layer3.0.conv1.weight": 189.14413452148438,
        "layer3.0.conv2.weight": 191.890625,
        "layer3.0.conv3.weight": 157.97354125976562,
        "layer3.0.downsample.0.weight": 279.16326904296875,
        "layer3.1.conv1.weight": 220.53831481933594,
        "layer3.1.conv2.weight": 169.6883544921875,
        "layer3.1.conv3.weight": 163.5690460205078,
        "layer3.2.conv1.weight": 221.4338836669922,
        "layer3.2.conv2.weight": 181.65284729003906,
        "layer3.2.conv3.weight": 176.75880432128906,
        "layer3.3.conv1.weight": 222.85287475585938,
        "layer3.3.conv2.weight": 194.8338623046875,
        "layer3.3.conv3.weight": 185.85743713378906,
        "layer3.4.conv1.weight": 220.37432861328125,
        "layer3.4.conv2.weight": 178.6995849609375,
        "layer3.4.conv3.weight": 177.68431091308594,
        "layer3.5.conv1.weight": 218.79161071777344,
        "layer3.5.conv2.weight": 172.98599243164062,
        "layer3.5.conv3.weight": 178.83009338378906,
        "layer4.0.conv1.weight": 362.53680419921875,
        "layer4.0.conv2.weight": 333.45989990234375,
        "layer4.0.conv3.weight": 274.455078125,
        "layer4.0.downsample.0.weight": 484.9000549316406,
        "layer4.1.conv1.weight": 407.7294616699219,
        "layer4.1.conv2.weight": 383.4545593261719,
        "layer4.1.conv3.weight": 244.44515991210938,
        "layer4.2.conv1.weight": 447.7684326171875,
        "layer4.2.conv2.weight": 422.9129333496094,
        "layer4.2.conv3.weight": 359.92108154296875,
        "fc.weight": 50.50867462158203
      },
      "hessian_top_full": 70.44745914958393,
      "hessian_bot_full": -18.777081756863506,
      "hessian_eigs_full": [
        70.44745914958393,
        65.95614510914297,
        55.56970199573007,
        39.42398054975465,
        30.279094644274053,
        15.867219835644274,
        5.467180588170899,
        0.001194642600791739,
        -0.5511678248354887,
        -18.777081756863506
      ],
      "hessian_top_train": 0.01642104462859099,
      "hessian_bot_train": -2.6136786972986537e-08,
      "cos_grad_train_test": -0.19634786248207092,
      "angle_deg": 101.32347272932749,
      "grad_train_norm": 0.0002281593915540725,
      "grad_test_norm": 15.137896537780762,
      "grad_ratio_test_over_train": 66347.8984375,
      "mia_loss_auc": 0.8906750000000001,
      "mean_train_loss": 7.967093551997095e-06,
      "mean_test_loss": 5.907144069671631,
      "mode": "M",
      "seed": 1,
      "train_acc": 0.99936,
      "test_acc": 0.4432
    },
    {
      "ranks": {
        "conv1.weight": 4.296929359436035,
        "layer1.0.conv1.weight": 9.532182693481445,
        "layer1.0.conv2.weight": 8.967514038085938,
        "layer1.0.conv3.weight": 11.410626411437988,
        "layer1.0.downsample.0.weight": 13.232396125793457,
        "layer1.1.conv1.weight": 40.06816101074219,