{
  "M": [
    {
      "ranks": {
        "tok.weight": 50.951045989990234,
        "pos.weight": 68.02555847167969,
        "blocks.0.self_attn.in_proj_weight": 80.12648010253906,
        "blocks.0.self_attn.out_proj.weight": 54.49715042114258,
        "blocks.0.linear1.weight": 99.47372436523438,
        "blocks.0.linear2.weight": 89.78504180908203,
        "blocks.1.self_attn.in_proj_weight": 77.72189331054688,
        "blocks.1.self_attn.out_proj.weight": 78.52815246582031,
        "blocks.1.linear1.weight": 105.97464752197266,
        "blocks.1.linear2.weight": 108.84587097167969,
        "blocks.2.self_attn.in_proj_weight": 100.35047149658203,
        "blocks.2.self_attn.out_proj.weight": 78.18187713623047,
        "blocks.2.linear1.weight": 103.54359436035156,
        "blocks.2.linear2.weight": 111.64342498779297,
        "blocks.3.self_attn.in_proj_weight": 106.75459289550781,
        "blocks.3.self_attn.out_proj.weight": 80.74764251708984,
        "blocks.3.linear1.weight": 101.47379302978516,
        "blocks.3.linear2.weight": 55.600318908691406,
        "head.weight": 45.15022277832031
      },
      "weight_l2_norm": 187.9074796534579,
      "log_path_norm_proxy": 30.67159719528153,
      "spectral_norms": {
        "tok.weight": 21.41730308532715,
        "pos.weight": 20.66327667236328,
        "blocks.0.self_attn.in_proj_weight": 6.253201007843018,
        "blocks.0.self_attn.out_proj.weight": 3.467538595199585,
        "blocks.0.linear1.weight": 3.0955657958984375,
        "blocks.0.linear2.weight": 2.9584455490112305,
        "blocks.1.self_attn.in_proj_weight": 5.6195878982543945,
        "blocks.1.self_attn.out_proj.weight": 2.310197353363037,
        "blocks.1.linear1.weight": 4.261928081512451,
        "blocks.1.linear2.weight": 3.072446346282959,
        "blocks.2.self_attn.in_proj_weight": 5.748261451721191,
        "blocks.2.self_attn.out_proj.weight": 2.704625368118286,
        "blocks.2.linear1.weight": 5.126140117645264,
        "blocks.2.linear2.weight": 3.1330578327178955,
        "blocks.3.self_attn.in_proj_weight": 5.433072090148926,
        "blocks.3.self_attn.out_proj.weight": 2.6960105895996094,
        "blocks.3.linear1.weight": 6.551826000213623,
        "blocks.3.linear2.weight": 6.859157085418701,
        "head.weight": 8.518585205078125
      },
      "hessian_top_full": 105.48308018116806,
      "hessian_bot_full": -34.69269332430637,
      "hessian_eigs_full": [
        105.48308018116806,
        92.13797162384266,
        67.3806207699745,
        51.189480641863234,
        31.512987890453243,
        12.034352942381737,
        0.030183364138829008,
        -2.7925920795968553,
        -17.47092310305449,
        -34.69269332430637
      ],
      "hessian_top_train": 140.9780888705172,
      "hessian_bot_train": -30.42932737842068,
      "cos_grad_train_test": 0.018753930926322937,
      "angle_deg": 88.92541591204878,
      "grad_train_norm": 2.363050937652588,
      "grad_test_norm": 6.567620754241943,
      "grad_ratio_test_over_train": 2.779297113418579,
      "mia_loss_auc": 0.9999732971191406,
      "mean_train_loss": 0.7888661623001099,
      "mean_test_loss": 2.6230008602142334,
      "mode": "M",
      "seed": 0,
      "mean_val_loss": 2.6230008602142334,
      "gap_loss": 1.8341346979141235
    },
    {
      "ranks": {
        "tok.weight": 51.00734329223633,
        "pos.weight": 67.18287658691406,
        "blocks.0.self_attn.in_proj_weight": 78.37926483154297,
        "blocks.0.self_attn.out_proj.weight": 55.77164077758789,
        "blocks.0.linear1.weight": 100.02122497558594,
        "blocks.0.linear2.weight": 89.8912353515625,
        "blocks.1.self_attn.in_proj_weight": 81.79493713378906,
        "blocks.1.self_attn.out_proj.weight": 77.6680679321289,
        "blocks.1.linear1.weight": 107.14912414550781,
        "blocks.1.linear2.weight": 107.7522201538086,
        "blocks.2.self_attn.in_proj_weight": 96.55135345458984,
        "blocks.2.self_attn.out_proj.weight": 79.40208435058594,
        "blocks.2.linear1.weight": 102.09396362304688,
        "blocks.2.linear2.weight": 111.11996459960938,
        "blocks.3.self_attn.in_proj_weight": 106.59828186035156,
        "blocks.3.self_attn.out_proj.weight": 78.77113342285156,
        "blocks.3.linear1.weight": 100.3969955444336,
        "blocks.3.linear2.weight": 54.44293212890625,
        "head.weight": 44.94997024536133
      },
      "weight_l2_norm": 188.17794356015332,
      "log_path_norm_proxy": 31.10796813285831,
      "spectral_norms": {
        "tok.weight": 21.401487350463867,
        "pos.weight": 21.11687660217285,
        "blocks.0.self_attn.in_proj_weight": 6.093987464904785,
        "blocks.0.self_attn.out_proj.weight": 3.7861173152923584,
        "blocks.0.linear1.weight": 3.272818088531494,
        "blocks.0.linear2.weight": 2.8917236328125,
        "blocks.1.self_attn.in_proj_weight": 5.600579261779785,
        "blocks.1.self_attn.out_proj.weight": 2.3968052864074707,
        "blocks.1.linear1.weight": 4.266304016113281,
        "blocks.1.linear2.weight": 3.0992112159729004,
        "blocks.2.self_attn.in_proj_weight": 6.118170738220215,
        "blocks.2.self_attn.out_proj.weight": 2.672393560409546,
        "blocks.2.linear1.weight": 5.276524066925049,
        "blocks.2.linear2.weight": 3.1107654571533203,
        "blocks.3.self_attn.in_proj_weight": 5.305853843688965,
        "blocks.3.self_attn.out_proj.weight": 3.079448938369751,
        "blocks.3.linear1.weight": 6.660003662109375,
        "blocks.3.linear2.weight": 7.297858238220215,
        "head.weight": 8.66895866394043
      },
      "hessian_top_full": 147.2114102368949,
      "hessian_bot_full": -22.50648391199766,
      "hessian_eigs_full": [
        147.2114102368949,
        85.3639643034664,
        70.09899059608985,
        51.46828376092761,
        32.131900646472445,
        15.781759306790207,
        1.273328392835132,
        -0.05856078712808951,
        -12.237190251413798,
        -22.50648391199766
      ],
      "hessian_top_train": 125.34945882432717,
      "hessian_bot_train": -11.460279909653243,
      "cos_grad_train_test": 0.000665093888528645,
      "angle_deg": 89.96189292439793,
      "grad_train_norm": 2.0276641845703125,
      "grad_test_norm": 6.133158206939697,
      "grad_ratio_test_over_train": 3.024740695953369,
      "mia_loss_auc": 0.9999961853027344,
      "mean_train_loss": 0.8086103200912476,
      "mean_test_loss": 2.6340644359588623,
      "mode": "M",
      "seed": 1,
      "mean_val_loss": 2.6340644359588623,
      "gap_loss": 1.8254541158676147
    },
    {
      "ranks": {
        "tok.weight": 51.27544403076172,
        "pos.weight": 66.7698745727539,
        "blocks.0.self_attn.in_proj_weight": 70.3450698852539,
        "blocks.0.self_attn.out_proj.weight": 50.86399841308594,
        "blocks.0.linear1.weight": 101.2879638671875,
        "blocks.0.linear2.weight": 91.52127838134766,
        "blocks.1.self_attn.in_proj_weight": 75.23623657226562,
        "blocks.1.self_attn.out_proj.weight": 77.38186645507812,
        "blocks.1.linear1.weight": 106.5967025756836,
        "blocks.1.linear2.weight": 107.96453094482422,
        "blocks.2.self_attn.in_proj_weight": 98.13052368164062,
        "blocks.2.self_attn.out_proj.weight": 78.7320785522461,
        "blocks.2.linear1.weight": 102.0255355834961,
        "blocks.2.linear2.weight": 111.3769302368164,
        "blocks.3.self_attn.in_proj_weight": 105.91812133789062,
        "blocks.3.self_attn.out_proj.weight": 79.25267028808594,
        "blocks.3.linear1.weight": 101.33545684814453,
        "blocks.3.linear2.weight": 55.94111633300781,
        "head.weight": 45.02540588378906
      },
      "weight_l2_norm": 185.91180617503014,
      "log_path_norm_proxy": 30.725276917777073,
      "spectral_norms": {
        "tok.weight": 20.992361068725586,
        "pos.weight": 20.111083984375,
        "blocks.0.self_attn.in_proj_weight": 5.9073052406311035,