{
  "M": [
    {
      "ranks": {
        "fc1.weight": 131.76223754882812,
        "fc2.weight": 182.64028930664062,
        "fc3.weight": 8.406454086303711
      },
      "hessian_top_full": 3.9096096646461778,
      "hessian_bot_full": -0.21598503410836511,
      "hessian_eigs_full": [
        3.9096096646461778,
        3.2417176613786722,
        2.7560588863763438,
        1.6397629703928533,
        1.530901904854684,
        1.4534986186537002,
        1.2763014862176418,
        1.2250537837292463,
        0.9856562836345458,
        0.8712968891955813,
        0.738297436097008,
        0.54229027826089,
        0.38430389671878507,
        0.23973344417593992,
        0.0998188441353542,
        0.0010733487808409314,
        -0.003853582652322818,
        -0.08413700062789625,
        -0.15653573898806522,
        -0.21598503410836511
      ],
      "hessian_top_train": 2.950666251969173,
      "hessian_bot_train": -0.0908687873173446,
      "cos_grad_train_test": 0.3069336712360382,
      "angle_deg": 72.12546391046443,
      "grad_train_norm": 0.21078044176101685,
      "grad_test_norm": 1.0822871923446655,
      "grad_ratio_test_over_train": 5.1346659660339355,
      "mia_loss_auc": 0.45300805,
      "mean_train_loss": 0.02126685157418251,
      "mean_test_loss": 1.7223988771438599,
      "train_acc": 0.9945166666666667,
      "test_acc": 0.8921,
      "seed": 0,
      "wd": 0.0
    },
    {
      "ranks": {
        "fc1.weight": 128.43824768066406,
        "fc2.weight": 179.64356994628906,
        "fc3.weight": 8.237977981567383
      },
      "hessian_top_full": 5.842949368866291,
      "hessian_bot_full": -0.2677523064312362,
      "hessian_eigs_full": [
        5.842949368866291,
        3.06377488480342,
        2.6334130235912863,
        2.1159206476226986,
        1.9554562805756754,
        1.315946049672898,
        1.2502865291038323,
        1.1175363155743778,
        1.009367830162533,
        0.8137101401990487,
        0.6791009930830946,
        0.5047124901556876,
        0.34896259342220093,
        0.2057302129843615,
        0.06590228430405878,
        3.6505219662530485e-05,
        -0.0444718973262271,
        -0.13335241738249567,
        -0.2027007193384947,
        -0.2677523064312362
      ],
      "hessian_top_train": 3.4906424112306906,
      "hessian_bot_train": -0.06750816948380513,
      "cos_grad_train_test": 0.17825117707252502,
      "angle_deg": 79.73208764046568,
      "grad_train_norm": 0.15736974775791168,
      "grad_test_norm": 1.3011903762817383,
      "grad_ratio_test_over_train": 8.268363952636719,
      "mia_loss_auc": 0.4568347383333334,
      "mean_train_loss": 0.02097134105861187,
      "mean_test_loss": 1.6603461503982544,
      "train_acc": 0.9937833333333334,
      "test_acc": 0.8918,
      "seed": 1,
      "wd": 0.0
    },
    {
      "ranks": {
        "fc1.weight": 130.38922119140625,
        "fc2.weight": 178.24412536621094,
        "fc3.weight": 8.420860290527344
      },
      "hessian_top_full": 6.306148695959778,
      "hessian_bot_full": -0.21980046010764642,
      "hessian_eigs_full": [
        6.306148695959778,
        3.8718741926861506,
        2.9098359366441415,
        2.633440707810886,
        2.2592198026683636,
        2.101708254859444,
        2.0382846914845767,
        1.6359849331544305,
        1.4371869902144045,
        1.229735701895348,
        1.0249523644689578,
        0.7928156767755705,
        0.5791456547805672,
        0.39778422920126005,
        0.22679984690850025,
        0.06399821283903405,
        1.0147440920672206e-05,
        -0.05051864644833021,
        -0.14092143663706644,
        -0.21980046010764642
      ],
      "hessian_top_train": 3.971747068011433,
      "hessian_bot_train": -0.12208850201141924,
      "cos_grad_train_test": 0.3533039093017578,
      "angle_deg": 69.31046934478807,
      "grad_train_norm": 0.2655291259288788,
      "grad_test_norm": 1.0947092771530151,
      "grad_ratio_test_over_train": 4.122746467590332,
      "mia_loss_auc": 0.45372114833333327,
      "mean_train_loss": 0.02914454974234104,
      "mean_test_loss": 1.6714136600494385,
      "train_acc": 0.9917333333333334,
      "test_acc": 0.8901,
      "seed": 2,
      "wd": 0.0
    },
    {
      "ranks": {
        "fc1.weight": 128.45375061035156,
        "fc2.weight": 181.1238555908203,
        "fc3.weight": 8.552695274353027
      },
      "hessian_top_full": 4.331407164449178,
      "hessian_bot_full": -0.1630720747482343,
      "hessian_eigs_full": [
        4.331407164449178,
        3.9870144795590576,
        2.9621648819727326,
        1.9223140940294976,
        1.8357410715517748,
        1.6603629498796457,
        1.440555787646868,
        1.2978094105532123,
        1.0554767785936026,
        0.9412430624613058,
        0.8014638641971827,
        0.6350525348959047,
        0.4650436550504785,
        0.295285684195491,
        0.16659986016039402,
        0.04451649241201798,
        -1.952767151202965e-05,
        -0.046915468869585183,
        -0.11016574367654478,
        -0.1630720747482343
      ],
      "hessian_top_train": 2.583009668276043,
      "hessian_bot_train": -0.0832240036497441,
      "cos_grad_train_test": 0.1687592715024948,
      "angle_deg": 80.2843116804314,
      "grad_train_norm": 0.1777237206697464,
      "grad_test_norm": 1.0347918272018433,
      "grad_ratio_test_over_train": 5.822474479675293,
      "mia_loss_auc": 0.60627852,
      "mean_train_loss": 0.011384542100131512,
      "mean_test_loss": 1.5423595905303955,
      "train_acc": 0.9964,
      "test_acc": 0.8966,
      "seed": 3,
      "wd": 0.0
    },
    {
      "ranks": {
        "fc1.weight": 131.24974060058594,
        "fc2.weight": 182.5782928466797,
        "fc3.weight": 8.543656349182129
      },
      "hessian_top_full": 4.418936774916961,
      "hessian_bot_full": -0.17504708849616765,
      "hessian_eigs_full": [
        4.418936774916961,
        2.9931750798308565,
        2.193981627217054,
        2.176789744641536,
        1.9358074932412752,
        1.8431903849916738,
        1.5226115833140315,
        1.2911874048875889,
        1.1866827369940487,
        1.0112008281369966,
        0.8386886870163326,
        0.6744752939314437,
        0.48957590616619895,
        0.3216912574365378,
        0.18332522165813064,
        0.05175011238907856,
        1.6253214693686388e-05,
        -0.03951332716551683,
        -0.10721983627276664,
        -0.17504708849616765
      ],
      "hessian_top_train": 2.2249187835322375,
      "hessian_bot_train": -0.10332443338158892,
      "cos_grad_train_test": 0.11593207716941833,
      "angle_deg": 83.3426112589375,
      "grad_train_norm": 0.1815129667520523,
      "grad_test_norm": 0.9771173000335693,
      "grad_ratio_test_over_train": 5.383181571960449,
      "mia_loss_auc": 0.4463372183333334,
      "mean_train_loss": 0.03255787864327431,
      "mean_test_loss": 1.654889464378357,
      "train_acc": 0.9918666666666667,
      "test_acc": 0.8934,
      "seed": 4,
      "wd": 0.0
    }
  ],
  "G": [
    {
      "ranks": {
        "fc1.weight": 129.5833282470703,
        "fc2.weight": 180.4725341796875,
        "fc3.weight": 8.237898826599121
      },
      "hessian_top_full": 3.4153842147206683,
      "hessian_bot_full": -0.13590908054301654,
      "hessian_eigs_full": [
        3.4153842147206683,
        2.5748089515539965,
        2.1366629344247063,
        1.9324671855034699,
        1.7016250836394742,
        1.4896681206013558,
        1.3311954651272135,
        1.19179671948407,
        1.0839645464468106,
        0.9328568860201417,
        0.7617124677347352,
        0.581183821178077,
        0.4320134624522826,
        0.2902425556329939,
        0.16473754108260175,
        0.051189380796948444,
        3.64384696367137e-05,
        -0.03360110576441724,
        -0.09034133168771534,
        -0.13590908054301654
      ],
      "hessian_top_train": 2.7112009321906947,