{
  "1L_Transf_add_wd0.0": {
    "arch": "1L_Transf",
    "op": "add",
    "wd": 0.0,
    "train_acc": 1.0,
    "test_acc": 0.05828392505645752,
    "rank": 97.2143783569336,
    "grad_train": 3.034439139030382e-10,
    "grad_test": 19.278861694759414,
    "grok_epoch": null
  },
  "1L_Transf_add_wd0.01": {
    "arch": "1L_Transf",
    "op": "add",
    "wd": 0.01,
    "train_acc": 1.0,
    "test_acc": 0.057948317378759384,
    "rank": 94.43030548095703,
    "grad_train": 9.730139475374967e-09,
    "grad_test": 13.919596840528813,
    "grok_epoch": null
  },
  "1L_Transf_add_wd0.1": {
    "arch": "1L_Transf",
    "op": "add",
    "wd": 0.1,
    "train_acc": 1.0,
    "test_acc": 0.07372189313173294,
    "rank": 69.91459655761719,
    "grad_train": 7.382182749819425e-08,
    "grad_test": 8.46097880473472,
    "grok_epoch": null
  },
  "1L_Transf_add_wd1.0": {
    "arch": "1L_Transf",
    "op": "add",
    "wd": 1.0,
    "train_acc": 1.0,
    "test_acc": 1.0,
    "rank": 12.184733390808105,
    "grad_train": 3.786506226416071e-07,
    "grad_test": 0.0053011108775848905,
    "grok_epoch": 13000
  },
  "1L_Transf_subtract_wd0.0": {
    "arch": "1L_Transf",
    "op": "subtract",
    "wd": 0.0,
    "train_acc": 1.0,
    "test_acc": 0.0010068240808323026,
    "rank": 96.72918701171875,
    "grad_train": 3.4148323581985017e-10,
    "grad_test": 15.951584289729082,
    "grok_epoch": null
  },
  "1L_Transf_subtract_wd0.01": {
    "arch": "1L_Transf",
    "op": "subtract",
    "wd": 0.01,
    "train_acc": 1.0,
    "test_acc": 0.0015661707147955894,
    "rank": 94.03264617919922,
    "grad_train": 1.2091301175719672e-08,
    "grad_test": 12.364636060906562,
    "grok_epoch": null
  },
  "1L_Transf_subtract_wd0.1": {
    "arch": "1L_Transf",
    "op": "subtract",
    "wd": 0.1,
    "train_acc": 1.0,
    "test_acc": 0.002461125375702977,
    "rank": 68.33098602294922,
    "grad_train": 7.873514808783313e-08,
    "grad_test": 9.08415452983975,
    "grok_epoch": null
  },
  "1L_Transf_subtract_wd1.0": {
    "arch": "1L_Transf",
    "op": "subtract",
    "wd": 1.0,
    "train_acc": 1.0,
    "test_acc": 1.0,
    "rank": 6.399528980255127,
    "grad_train": 3.4032631809525295e-07,
    "grad_test": 6.53871611996533e-07,
    "grok_epoch": 11000
  },
  "1L_Transf_mult_wd0.0": {
    "arch": "1L_Transf",
    "op": "mult",
    "wd": 0.0,
    "train_acc": 1.0,
    "test_acc": 0.15079987049102783,
    "rank": 97.41525268554688,
    "grad_train": 3.0393943205914804e-10,
    "grad_test": 15.189633043378958,
    "grok_epoch": null
  },
  "1L_Transf_mult_wd0.01": {
    "arch": "1L_Transf",
    "op": "mult",
    "wd": 0.01,
    "train_acc": 1.0,
    "test_acc": 0.15370847284793854,
    "rank": 94.41490936279297,
    "grad_train": 5.682304604668652e-09,
    "grad_test": 11.668498228514963,
    "grok_epoch": null
  },
  "1L_Transf_mult_wd0.1": {
    "arch": "1L_Transf",
    "op": "mult",
    "wd": 0.1,
    "train_acc": 1.0,
    "test_acc": 0.2333594411611557,
    "rank": 64.35133361816406,
    "grad_train": 5.733096182241551e-08,
    "grad_test": 6.630317704883496,
    "grok_epoch": null
  },
  "1L_Transf_mult_wd1.0": {
    "arch": "1L_Transf",
    "op": "mult",
    "wd": 1.0,
    "train_acc": 1.0,
    "test_acc": 1.0,
    "rank": 11.875792503356934,
    "grad_train": 3.7205681966523724e-07,
    "grad_test": 0.00040348778646934354,
    "grok_epoch": 4000
  },
  "1L_Transf_mult_p1_wd0.0": {
    "arch": "1L_Transf",
    "op": "mult_p1",
    "wd": 0.0,
    "train_acc": 1.0,
    "test_acc": 0.06656225770711899,
    "rank": 97.06517791748047,
    "grad_train": 4.365901154314921e-10,
    "grad_test": 14.108516731475579,
    "grok_epoch": null
  },
  "1L_Transf_mult_p1_wd0.01": {
    "arch": "1L_Transf",
    "op": "mult_p1",
    "wd": 0.01,
    "train_acc": 1.0,
    "test_acc": 0.07070142030715942,
    "rank": 94.33296203613281,
    "grad_train": 1.3115451352403603e-08,
    "grad_test": 10.69031130764239,
    "grok_epoch": null
  },
  "1L_Transf_mult_p1_wd0.1": {
    "arch": "1L_Transf",
    "op": "mult_p1",
    "wd": 0.1,
    "train_acc": 1.0,
    "test_acc": 0.1010180115699768,
    "rank": 66.71300506591797,
    "grad_train": 6.140014807027637e-08,
    "grad_test": 7.154951466936816,
    "grok_epoch": null
  },
  "1L_Transf_mult_p1_wd1.0": {
    "arch": "1L_Transf",
    "op": "mult_p1",
    "wd": 1.0,
    "train_acc": 1.0,
    "test_acc": 1.0,
    "rank": 8.132987976074219,
    "grad_train": 3.4595675584777303e-07,
    "grad_test": 8.820726749186524e-07,
    "grok_epoch": 8500
  },
  "4L_Transf_add_wd0.0": {
    "arch": "4L_Transf",
    "op": "add",
    "wd": 0.0,
    "train_acc": 1.0,
    "test_acc": 0.00402729632332921,
    "rank": 112.4029541015625,
    "grad_train": 6.862519294014186e-11,
    "grad_test": 78.94250011917636,
    "grok_epoch": null
  },
  "4L_Transf_add_wd0.01": {
    "arch": "4L_Transf",
    "op": "add",
    "wd": 0.01,
    "train_acc": 1.0,
    "test_acc": 0.010180110111832619,
    "rank": 111.46267700195312,
    "grad_train": 9.066838247089842e-05,
    "grad_test": 27.65340459610091,
    "grok_epoch": null
  },
  "4L_Transf_add_wd0.1": {
    "arch": "4L_Transf",
    "op": "add",
    "wd": 0.1,
    "train_acc": 1.0,
    "test_acc": 0.08468508720397949,
    "rank": 70.80885314941406,
    "grad_train": 0.00041159202052871985,
    "grad_test": 18.645522417660644,
    "grok_epoch": null
  },
  "4L_Transf_add_wd1.0": {
    "arch": "4L_Transf",
    "op": "add",
    "wd": 1.0,
    "train_acc": 1.0,
    "test_acc": 0.999776303768158,
    "rank": 6.46668004989624,
    "grad_train": 0.057678608955010695,
    "grad_test": 0.23697603764383465,
    "grok_epoch": 4500
  },
  "4L_Transf_subtract_wd0.0": {
    "arch": "4L_Transf",
    "op": "subtract",
    "wd": 0.0,
    "train_acc": 1.0,
    "test_acc": 0.002237386768683791,
    "rank": 112.24827575683594,
    "grad_train": 6.818050870128235e-11,
    "grad_test": 81.31683542528683,
    "grok_epoch": null
  },
  "4L_Transf_subtract_wd0.01": {
    "arch": "4L_Transf",
    "op": "subtract",
    "wd": 0.01,
    "train_acc": 1.0,
    "test_acc": 0.0019017787417396903,
    "rank": 111.2728271484375,
    "grad_train": 8.989646387444713e-09,
    "grad_test": 104.51195698841315,
    "grok_epoch": null
  },
  "4L_Transf_subtract_wd0.1": {
    "arch": "4L_Transf",
    "op": "subtract",
    "wd": 0.1,
    "train_acc": 1.0,
    "test_acc": 0.0033560802694410086,
    "rank": 67.36756134033203,
    "grad_train": 1.71043410014337e-05,
    "grad_test": 38.24750526576031,
    "grok_epoch": null
  },
  "4L_Transf_subtract_wd1.0": {
    "arch": "4L_Transf",
    "op": "subtract",
    "wd": 1.0,
    "train_acc": 1.0,
    "test_acc": 1.0,
    "rank": 5.460920810699463,
    "grad_train": 0.06269922848243513,
    "grad_test": 0.12796696467282406,
    "grok_epoch": 9500
  },
  "4L_Transf_mult_wd0.0": {
    "arch": "4L_Transf",
    "op": "mult",
    "wd": 0.0,
    "train_acc": 1.0,
    "test_acc": 0.0223738681524992,
    "rank": 112.27375030517578,
    "grad_train": 7.98836082470531e-11,
    "grad_test": 77.21637771383855,
    "grok_epoch": null
  },
  "4L_Transf_mult_wd0.01": {
    "arch": "4L_Transf",
    "op": "mult",
    "wd": 0.01,
    "train_acc": 1.0,
    "test_acc": 0.022709475830197334,
    "rank": 111.32781219482422,
    "grad_train": 4.153007245194976e-09,
    "grad_test": 95.99385907204791,
    "grok_epoch": null
  },
  "4L_Transf_mult_wd0.1": {
    "arch": "4L_Transf",
    "op": "mult",
    "wd": 0.1,
    "train_acc": 1.0,
    "test_acc": 0.07182011753320694,
    "rank": 71.22876739501953,
    "grad_train": 2.9742773551911856e-08,
    "grad_test": 40.66417085383105,
    "grok_epoch": null
  },
  "4L_Transf_mult_wd1.0": {
    "arch": "4L_Transf",
    "op": "mult",
    "wd": 1.0,
    "train_acc": 1.0,
    "test_acc": 0.9926166534423828,
    "rank": 7.145618915557861,
    "grad_train": 0.0060447384210607635,
    "grad_test": 2.076032583683791,
    "grok_epoch": 4500
  },
  "4L_Transf_mult_p1_wd0.0": {
    "arch": "4L_Transf",
    "op": "mult_p1",