{
  "M": {
    "mode": "M",
    "train_acc": 0.99376,
    "test_acc": 0.7676,
    "ranks": {
      "cls": 1.0,
      "proj.weight": 26.65875244140625,
      "enc.layers.0.self_attn.in_proj_weight": 30.92217254638672,
      "enc.layers.0.self_attn.out_proj.weight": 78.47286987304688,
      "enc.layers.0.linear1.weight": 71.65510559082031,
      "enc.layers.0.linear2.weight": 116.54666137695312,
      "enc.layers.1.self_attn.in_proj_weight": 125.9859848022461,
      "enc.layers.1.self_attn.out_proj.weight": 100.86075592041016,
      "enc.layers.1.linear1.weight": 93.70960998535156,
      "enc.layers.1.linear2.weight": 122.41044616699219,
      "enc.layers.2.self_attn.in_proj_weight": 135.49200439453125,
      "enc.layers.2.self_attn.out_proj.weight": 97.55619812011719,
      "enc.layers.2.linear1.weight": 84.98820495605469,
      "enc.layers.2.linear2.weight": 110.27204895019531,
      "enc.layers.3.self_attn.in_proj_weight": 123.8210220336914,
      "enc.layers.3.self_attn.out_proj.weight": 66.16320037841797,
      "enc.layers.3.linear1.weight": 65.59715270996094,
      "enc.layers.3.linear2.weight": 100.3642578125,
      "enc.layers.4.self_attn.in_proj_weight": 78.87163543701172,
      "enc.layers.4.self_attn.out_proj.weight": 70.85174560546875,
      "enc.layers.4.linear1.weight": 32.8477668762207,
      "enc.layers.4.linear2.weight": 92.91338348388672,
      "enc.layers.5.self_attn.in_proj_weight": 71.58543395996094,
      "enc.layers.5.self_attn.out_proj.weight": 22.696645736694336,
      "enc.layers.5.linear1.weight": 12.285599708557129,
      "enc.layers.5.linear2.weight": 56.742103576660156,
      "head.weight": 8.884852409362793
    },
    "grad_train": 5.27186539909299,
    "grad_test": 19.492634496914533
  },
  "G": {
    "mode": "G",
    "train_acc": 0.954,
    "test_acc": 0.7951,
    "ranks": {
      "cls": 1.0,
      "proj.weight": 23.93707275390625,
      "enc.layers.0.self_attn.in_proj_weight": 30.174636840820312,
      "enc.layers.0.self_attn.out_proj.weight": 66.48489379882812,
      "enc.layers.0.linear1.weight": 51.37947463989258,
      "enc.layers.0.linear2.weight": 65.79962158203125,
      "enc.layers.1.self_attn.in_proj_weight": 91.2737808227539,
      "enc.layers.1.self_attn.out_proj.weight": 78.53994750976562,
      "enc.layers.1.linear1.weight": 76.6021728515625,
      "enc.layers.1.linear2.weight": 100.65541076660156,
      "enc.layers.2.self_attn.in_proj_weight": 129.20362854003906,
      "enc.layers.2.self_attn.out_proj.weight": 93.90669250488281,
      "enc.layers.2.linear1.weight": 87.57424926757812,
      "enc.layers.2.linear2.weight": 105.06539916992188,
      "enc.layers.3.self_attn.in_proj_weight": 133.507080078125,
      "enc.layers.3.self_attn.out_proj.weight": 80.29232025146484,
      "enc.layers.3.linear1.weight": 76.99727630615234,
      "enc.layers.3.linear2.weight": 92.96231079101562,
      "enc.layers.4.self_attn.in_proj_weight": 101.95181274414062,
      "enc.layers.4.self_attn.out_proj.weight": 57.77833938598633,
      "enc.layers.4.linear1.weight": 26.023719787597656,
      "enc.layers.4.linear2.weight": 86.20872497558594,
      "enc.layers.5.self_attn.in_proj_weight": 75.69712829589844,
      "enc.layers.5.self_attn.out_proj.weight": 29.752073287963867,
      "enc.layers.5.linear1.weight": 14.47737979888916,
      "enc.layers.5.linear2.weight": 36.90572738647461,
      "head.weight": 8.621994018554688
    },
    "grad_train": 8.961587091423002,
    "grad_test": 12.590429609884918
  }
}