{"L1_1e-4": {"epoch": [500, 1000, 1500, 2000, 2500, 3000, 3500, 4000, 4500, 5000, 5500, 6000, 6500, 7000, 7500, 8000, 8500, 9000, 9500, 10000, 10500, 11000, 11500, 12000, 12500, 13000, 13500, 14000, 14500, 15000, 15500, 16000, 16500, 17000, 17500, 18000, 18500, 19000, 19500, 20000], "test_acc": [0.0694708600640297, 0.11679159104824066, 0.4286833107471466, 0.9393668174743652, 0.9964202046394348, 0.9985457062721252, 0.9995525479316711, 1.0, 1.0, 1.0, 1.0, 1.0, 1.0, 1.0, 1.0, 1.0, 1.0, 1.0, 1.0, 1.0, 1.0, 1.0, 1.0, 1.0, 1.0, 1.0, 1.0, 1.0, 1.0, 1.0, 1.0, 1.0, 1.0, 1.0, 1.0, 1.0, 1.0, 1.0, 1.0, 1.0], "train_loss": [0.8559297962782406, 0.5877605674090465, 0.40353597941070773, 0.24975719013296763, 0.16344748644984475, 0.12516788126826311, 0.104990270139493, 0.09179860767590499, 0.0837601354872286, 0.07734562923328818, 0.07293717612339443, 0.07031052610592693, 0.06849394037759171, 0.06721695718788501, 0.06630044571086996, 0.06552890873229869, 0.06482959061772126, 0.06427757290632229, 0.06382404724506896, 0.06359669023849232, 0.06348919357311122, 0.06343373210428167, 0.06343385283013053, 0.06343543841968632, 0.06343591513741896, 0.0634344688308569, 0.06342625807128423, 0.06343819258931557, 0.06343636896580057, 0.06343730502583887, 0.06344081974129039, 0.06343947849346854, 0.06343351726489367, 0.06344063183361126, 0.0634366775643131, 0.06343356106678147, 0.06343958480565631, 0.06344083635031278, 0.06343874138565656, 0.06344034672860459]}, "L2_1e-3": {"epoch": [500, 1000, 1500, 2000, 2500, 3000, 3500, 4000, 4500, 5000, 5500, 6000, 6500, 7000, 7500, 8000, 8500, 9000, 9500, 10000, 10500, 11000, 11500, 12000, 12500, 13000, 13500, 14000, 14500, 15000, 15500, 16000, 16500, 17000, 17500, 18000, 18500, 19000, 19500, 20000], "test_acc": [1.0, 1.0, 1.0, 1.0, 1.0, 1.0, 1.0, 1.0, 1.0, 1.0, 1.0, 1.0, 1.0, 1.0, 1.0, 1.0, 1.0, 1.0, 1.0, 1.0, 1.0, 1.0, 1.0, 1.0, 1.0, 1.0, 1.0, 1.0, 1.0, 1.0, 1.0, 1.0, 1.0, 1.0, 1.0, 1.0, 1.0, 1.0, 1.0, 1.0], "train_loss": [0.7722218647415925, 0.6280907173771089, 0.6254941584007438, 0.6252206745151977, 0.6256107094161653, 0.624928970296934, 0.6242699511503584, 0.6238230062140385, 0.6239972079116652, 0.623767800052568, 0.6245444115242985, 0.6237753703889798, 0.6237546440789747, 0.6242958233830759, 0.6260280343634482, 0.6240025755978763, 0.623742122583945, 0.6236756495684359, 0.6236165428819163, 0.62369846978482, 0.6236115823882948, 0.6236236187728722, 0.6239333441081075, 0.623964230245806, 0.6253767168941755, 0.6237681577809575, 0.6250037173129868, 0.6235204956202494, 0.623941256443163, 0.6253099783220549, 0.6238325225801464, 0.6239424081876094, 0.6236789692369112, 0.6236555429560677, 0.6235292592340803, 0.6239203129005457, 0.6240888941364111, 0.6234578144958979, 0.6248397648836507, 0.6238628562746819]}, "spectral_1e-2": {"epoch": [500, 1000, 1500, 2000, 2500, 3000, 3500, 4000, 4500, 5000, 5500, 6000, 6500, 7000, 7500, 8000, 8500, 9000, 9500, 10000, 10500, 11000, 11500, 12000, 12500, 13000, 13500, 14000, 14500, 15000, 15500, 16000, 16500, 17000, 17500, 18000, 18500, 19000, 19500, 20000], "test_acc": [0.06622664630413055, 0.060633182525634766, 0.06018570438027382, 0.05839579552412033, 0.0647723451256752, 0.07316254824399948, 0.08915986120700836, 0.11198120564222336, 0.1399485468864441, 0.17865534126758575, 0.22317934036254883, 0.2791140079498291, 0.32990267872810364, 0.3829287588596344, 0.44255509972572327, 0.5073274374008179, 0.5725472569465637, 0.6403400897979736, 0.6978409290313721, 0.7503076791763306, 0.7927061319351196, 0.8347690105438232, 0.8643025159835815, 0.8876832127571106, 0.9074841141700745, 0.920572817325592, 0.9314241409301758, 0.9414923787117004, 0.9516724944114685, 0.9570422172546387, 0.9635306000709534, 0.9685647487640381, 0.9740463495254517, 0.9768430590629578, 0.9801991581916809, 0.98098224401474, 0.9826602935791016, 0.9846739172935486, 0.9850095510482788, 0.9860163331031799], "train_loss": [0.8328067829489288, 0.7424337942961314, 0.7048048338793016, 0.6796999303206434, 0.6592037143638442, 0.6426148869257605, 0.6283508614279137, 0.6161057510782071, 0.6050843795258679, 0.5934179601271452, 0.5827687986283622, 0.5728109771410053, 0.5639286675194835, 0.5570388164692628, 0.5496435736812824, 0.5428143238747087, 0.536992069112773, 0.5314936288690572, 0.5259743088204922, 0.5223533885647096, 0.5183869550335574, 0.514380011906587, 0.5112808790562026, 0.5085302657787893, 0.5057945917883863, 0.503006279347801, 0.5008399564820574, 0.49920729283357745, 0.49726419567391666, 0.49632226128181356, 0.49397058289345314, 0.4929955127674071, 0.49125214522767324, 0.48991578729201163, 0.48875941750014895, 0.4878702919829194, 0.4875826082309973, 0.4863360617214773, 0.48537186304415136, 0.48428235913133766]}, "label_smooth_0.1": {"epoch": [500, 1000, 1500, 2000, 2500, 3000, 3500, 4000, 4500, 5000, 5500, 6000, 6500, 7000, 7500, 8000, 8500, 9000, 9500, 10000, 10500, 11000, 11500, 12000, 12500, 13000, 13500, 14000, 14500, 15000, 15500, 16000, 16500, 17000, 17500, 18000, 18500, 19000, 19500, 20000], "test_acc": [0.1982324719429016, 0.23693926632404327, 0.2505873143672943, 0.2589775323867798, 0.2630048096179962, 0.26613715291023254, 0.2688220143318176, 0.2715068757534027, 0.274527370929718, 0.27575790882110596, 0.27743595838546753, 0.27833092212677, 0.27833092212677, 0.2788902521133423, 0.28045642375946045, 0.2811276614665985, 0.28146326541900635, 0.2816869914531708, 0.2826938331127167, 0.2826938331127167, 0.28258195519447327, 0.28314128518104553, 0.2837006449699402, 0.28448373079299927, 0.2850430905818939, 0.2845956087112427, 0.2849312126636505, 0.2850430905818939, 0.28537869453430176, 0.28627362847328186, 0.28627362847328186, 0.2856024205684662, 0.2857142984867096, 0.285938024520874, 0.28638550639152527, 0.2866092622280121, 0.28616178035736084, 0.2868329882621765, 0.2866092622280121, 0.2869448661804199], "train_loss": [0.869998661997353, 0.8386325330143369, 0.8293109182659854, 0.8244853728763544, 0.8213511188692773, 0.8191118541861341, 0.817641578007637, 0.8162647651342569, 0.8151117952982808, 0.8142471811276077, 0.8135675295368565, 0.8130194015036813, 0.8126248034709981, 0.8119640748471513, 0.8114088322760326, 0.8110134895795071, 0.8106884878384152, 0.8103901553897743, 0.8100666904277373, 0.8098838899807224, 0.8097339694272336, 0.8093181216110061, 0.8091282852598434, 0.8090627365020632, 0.8087711358525237, 0.8086376960019857, 0.8084813443488563, 0.808268756024965, 0.8080722972433931, 0.807913790603568, 0.8078116109341905, 0.8077670597078845, 0.8075909228541776, 0.8076274821216538, 0.8073885703738171, 0.8073554097078944, 0.807155185329538, 0.8070366087060561, 0.8069577995655877, 0.8068571897020566]}}