{
  "d1_w64_wd0.0": {
    "depth": 1,
    "width": 64,
    "wd": 0.0,
    "train_acc": 1.0,
    "test_acc": 0.03266584873199463,
    "grok_epoch": null,
    "ranks": {
      "W_E": 40.230018615722656,
      "L0.W_in": 45.90066909790039,
      "L0.W_out": 52.29524230957031
    }
  },
  "d1_w64_wd1.0": {
    "depth": 1,
    "width": 64,
    "wd": 1.0,
    "train_acc": 1.0,
    "test_acc": 1.0,
    "grok_epoch": 13000,
    "ranks": {
      "W_E": 6.527005195617676,
      "L0.W_in": 12.254731178283691,
      "L0.W_out": 5.986107349395752
    }
  },
  "d1_w128_wd0.0": {
    "depth": 1,
    "width": 128,
    "wd": 0.0,
    "train_acc": 1.0,
    "test_acc": 0.05839579552412033,
    "grok_epoch": null,
    "ranks": {
      "W_E": 59.77144241333008,
      "L0.W_in": 87.00530242919922,
      "L0.W_out": 97.1751708984375
    }
  },
  "d1_w128_wd1.0": {
    "depth": 1,
    "width": 128,
    "wd": 1.0,
    "train_acc": 1.0,
    "test_acc": 1.0,
    "grok_epoch": 13000,
    "ranks": {
      "W_E": 12.943878173828125,
      "L0.W_in": 19.041837692260742,
      "L0.W_out": 12.131391525268555
    }
  },
  "d1_w256_wd0.0": {
    "depth": 1,
    "width": 256,
    "wd": 0.0,
    "train_acc": 1.0,
    "test_acc": 0.06555543094873428,
    "grok_epoch": null,
    "ranks": {
      "W_E": 76.77173614501953,
      "L0.W_in": 170.696533203125,
      "L0.W_out": 183.48342895507812
    }
  },
  "d1_w256_wd1.0": {
    "depth": 1,
    "width": 256,
    "wd": 1.0,
    "train_acc": 1.0,
    "test_acc": 1.0,
    "grok_epoch": 5000,
    "ranks": {
      "W_E": 9.623899459838867,
      "L0.W_in": 15.011946678161621,
      "L0.W_out": 7.924919128417969
    }
  },
  "d1_w512_wd0.0": {
    "depth": 1,
    "width": 512,
    "wd": 0.0,
    "train_acc": 1.0,
    "test_acc": 0.014207405969500542,
    "grok_epoch": null,
    "ranks": {
      "W_E": 89.17256164550781,
      "L0.W_in": 353.0595703125,
      "L0.W_out": 377.6479187011719
    }
  },
  "d1_w512_wd1.0": {
    "depth": 1,
    "width": 512,
    "wd": 1.0,
    "train_acc": 1.0,
    "test_acc": 1.0,
    "grok_epoch": 3000,
    "ranks": {
      "W_E": 9.334717750549316,
      "L0.W_in": 15.590785026550293,
      "L0.W_out": 8.00669002532959
    }
  },
  "d2_w64_wd0.0": {
    "depth": 2,
    "width": 64,
    "wd": 0.0,
    "train_acc": 1.0,
    "test_acc": 0.011746280826628208,
    "grok_epoch": null,
    "ranks": {
      "W_E": 47.688446044921875,
      "L0.W_in": 54.849857330322266,
      "L0.W_out": 54.66278076171875,
      "L1.W_in": 52.71274948120117,
      "L1.W_out": 54.39155578613281
    }
  },
  "d2_w64_wd1.0": {
    "depth": 2,
    "width": 64,
    "wd": 1.0,
    "train_acc": 1.0,
    "test_acc": 1.0,
    "grok_epoch": 9000,
    "ranks": {
      "W_E": 10.966414451599121,
      "L0.W_in": 10.108278274536133,
      "L0.W_out": 9.39223861694336,
      "L1.W_in": 13.965883255004883,
      "L1.W_out": 9.038314819335938
    }
  },
  "d2_w128_wd0.0": {
    "depth": 2,
    "width": 128,
    "wd": 0.0,
    "train_acc": 1.0,
    "test_acc": 0.02181452140212059,
    "grok_epoch": null,
    "ranks": {
      "W_E": 69.5013656616211,
      "L0.W_in": 108.80538940429688,
      "L0.W_out": 110.1500244140625,
      "L1.W_in": 104.55403137207031,
      "L1.W_out": 108.39862060546875
    }
  },
  "d2_w128_wd1.0": {
    "depth": 2,
    "width": 128,
    "wd": 1.0,
    "train_acc": 1.0,
    "test_acc": 1.0,
    "grok_epoch": 9000,
    "ranks": {
      "W_E": 9.815581321716309,
      "L0.W_in": 10.376151084899902,
      "L0.W_out": 10.093807220458984,
      "L1.W_in": 15.16574764251709,
      "L1.W_out": 8.055622100830078
    }
  },
  "d2_w256_wd0.0": {
    "depth": 2,
    "width": 256,
    "wd": 0.0,
    "train_acc": 1.0,
    "test_acc": 0.054815977811813354,
    "grok_epoch": null,
    "ranks": {
      "W_E": 88.2961654663086,
      "L0.W_in": 218.7352752685547,
      "L0.W_out": 222.39598083496094,
      "L1.W_in": 213.7899627685547,
      "L1.W_out": 219.27224731445312
    }
  },
  "d2_w256_wd1.0": {
    "depth": 2,
    "width": 256,
    "wd": 1.0,
    "train_acc": 1.0,
    "test_acc": 1.0,
    "grok_epoch": 4000,
    "ranks": {
      "W_E": 9.042830467224121,
      "L0.W_in": 9.645354270935059,
      "L0.W_out": 9.337246894836426,
      "L1.W_in": 14.173460960388184,
      "L1.W_out": 7.213467597961426
    }
  },
  "d2_w512_wd0.0": {
    "depth": 2,
    "width": 512,
    "wd": 0.0,
    "train_acc": 1.0,
    "test_acc": 0.06298243999481201,
    "grok_epoch": null,
    "ranks": {
      "W_E": 99.80288696289062,
      "L0.W_in": 440.3629455566406,
      "L0.W_out": 447.5218811035156,
      "L1.W_in": 437.716552734375,
      "L1.W_out": 444.85345458984375
    }
  },
  "d2_w512_wd1.0": {
    "depth": 2,
    "width": 512,
    "wd": 1.0,
    "train_acc": 1.0,
    "test_acc": 1.0,
    "grok_epoch": 4000,
    "ranks": {
      "W_E": 8.18464183807373,
      "L0.W_in": 9.000262260437012,
      "L0.W_out": 8.800739288330078,
      "L1.W_in": 13.00348949432373,
      "L1.W_out": 8.111504554748535
    }
  },
  "d4_w64_wd0.0": {
    "depth": 4,
    "width": 64,
    "wd": 0.0,
    "train_acc": 1.0,
    "test_acc": 0.0066002910025417805,
    "grok_epoch": null,
    "ranks": {
      "W_E": 48.959346771240234,
      "L0.W_in": 56.68828582763672,
      "L0.W_out": 56.490386962890625,
      "L1.W_in": 56.813499450683594,
      "L1.W_out": 56.36116027832031,
      "L2.W_in": 56.6817741394043,
      "L2.W_out": 56.49863052368164,
      "L3.W_in": 56.13957977294922,
      "L3.W_out": 55.848365783691406
    }
  },
  "d4_w64_wd1.0": {
    "depth": 4,
    "width": 64,
    "wd": 1.0,
    "train_acc": 1.0,
    "test_acc": 1.0,
    "grok_epoch": 9500,
    "ranks": {
      "W_E": 8.378068923950195,
      "L0.W_in": 7.588227272033691,
      "L0.W_out": 4.4926981925964355,
      "L1.W_in": 6.934304714202881,
      "L1.W_out": 5.8232011795043945,
      "L2.W_in": 7.592311382293701,
      "L2.W_out": 6.82918119430542,
      "L3.W_in": 12.490026473999023,
      "L3.W_out": 6.658072471618652
    }
  },
  "d4_w128_wd0.0": {
    "depth": 4,
    "width": 128,
    "wd": 0.0,
    "train_acc": 1.0,
    "test_acc": 0.00402729632332921,
    "grok_epoch": null,
    "ranks": {
      "W_E": 73.84336853027344,
      "L0.W_in": 112.89988708496094,
      "L0.W_out": 113.1398696899414,
      "L1.W_in": 112.5833511352539,
      "L1.W_out": 113.05320739746094,
      "L2.W_in": 112.70893096923828,
      "L2.W_out": 112.76139831542969,
      "L3.W_in": 112.64161682128906,
      "L3.W_out": 112.39920806884766
    }
  },
  "d4_w128_wd1.0": {
    "depth": 4,
    "width": 128,
    "wd": 1.0,
    "train_acc": 1.0,
    "test_acc": 0.9985457062721252,
    "grok_epoch": 4500,
    "ranks": {
      "W_E": 6.259767532348633,
      "L0.W_in": 7.408172130584717,
      "L0.W_out": 4.843819618225098,
      "L1.W_in": 6.882397651672363,
      "L1.W_out": 6.543745040893555,
      "L2.W_in": 7.53212833404541,
      "L2.W_out": 6.637972354888916,
      "L3.W_in": 8.966503143310547,
      "L3.W_out": 6.648458957672119
    }
  },
  "d4_w256_wd0.0": {
    "depth": 4,
    "width": 256,
    "wd": 0.0,
    "train_acc": 1.0,
    "test_acc": 0.007159637752920389,
    "grok_epoch": null,
    "ranks": {
      "W_E": 92.54082489013672,
      "L0.W_in": 225.15725708007812,
      "L0.W_out": 225.82766723632812,
      "L1.W_in": 225.6787872314453,
      "L1.W_out": 225.58787536621094,
      "L2.W_in": 225.65167236328125,
      "L2.W_out": 225.69825744628906,
      "L3.W_in": 225.55592346191406,
      "L3.W_out": 225.26776123046875
    }
  },
  "d4_w256_wd1.0": {
    "depth": 4,
    "width": 256,
    "wd": 1.0,
    "train_acc": 0.7308093905448914,
    "test_acc": 0.2351493537425995,
    "grok_epoch": 2000,
    "ranks": {
      "W_E": 6.151519775390625,
      "L0.W_in": 6.383079528808594,
      "L0.W_out": 6.3323493003845215,
      "L1.W_in": 6.235377788543701,
      "L1.W_out": 8.425296783447266,
      "L2.W_in": 11.148473739624023,
      "L2.W_out": 12.740671157836914,
      "L3.W_in": 24.88572120666504,