{"1L_Transformer": {"WD_1.0": {"epoch": [500, 1000, 1500, 2000, 2500, 3000, 3500, 4000, 4500, 5000, 5500, 6000, 6500, 7000, 7500, 8000, 8500, 9000, 9500, 10000, 10500, 11000, 11500, 12000, 12500, 13000, 13500, 14000, 14500, 15000], "test_acc": [0.0704776868224144, 0.07595928013324738, 0.0828951820731163, 0.08613938838243484, 0.0896073430776596, 0.09229220449924469, 0.09654323756694794, 0.09945183992385864, 0.10314352810382843, 0.10828951746225357, 0.11175747215747833, 0.1190289780497551, 0.12630048394203186, 0.1342432051897049, 0.14598949253559113, 0.1609799861907959, 0.17943842709064484, 0.21601969003677368, 0.26994070410728455, 0.37599286437034607, 0.5927956104278564, 0.8836559057235718, 0.9912742376327515, 0.9987694621086121, 0.9993287920951843, 0.9995525479316711, 0.999776303768158, 0.9996644258499146, 0.999776303768158, 0.999776303768158]}, "SAM_0.2": {"epoch": [500, 1000, 1500, 2000, 2500, 3000, 3500, 4000, 4500, 5000, 5500, 6000, 6500, 7000, 7500, 8000, 8500, 9000, 9500, 10000, 10500, 11000, 11500, 12000, 12500, 13000, 13500, 14000, 14500, 15000], "test_acc": [0.06074505299329758, 0.06264682859182358, 0.06398925930261612, 0.05973822623491287, 0.06208748370409012, 0.06264682859182358, 0.0637655258178711, 0.06354178488254547, 0.06264682859182358, 0.062423091381788254, 0.06231122091412544, 0.06253495812416077, 0.06264682859182358, 0.06253495812416077, 0.06264682859182358, 0.062423091381788254, 0.06219935417175293, 0.06219935417175293, 0.06219935417175293, 0.06208748370409012, 0.06208748370409012, 0.061863746494054794, 0.06197561323642731, 0.061863746494054794, 0.06175187602639198, 0.06175187602639198, 0.061863746494054794, 0.061863746494054794, 0.061863746494054794, 0.06175187602639198]}, "noise_0.01": {"epoch": [500, 1000, 1500, 2000, 2500, 3000, 3500, 4000, 4500, 5000, 5500, 6000, 6500, 7000, 7500, 8000, 8500, 9000, 9500, 10000, 10500, 11000, 11500, 12000, 12500, 13000, 13500, 14000, 14500, 15000], "test_acc": [0.009397024288773537, 0.008390200324356556, 0.009397024288773537, 0.008502069860696793, 0.009173286147415638, 0.0092851547524333, 0.008949547074735165, 0.0092851547524333, 0.008725808933377266, 0.009173286147415638, 0.00861393939703703, 0.009956371039152145, 0.00827833078801632, 0.008390200324356556, 0.009397024288773537, 0.009061416611075401, 0.009061416611075401, 0.008837677538394928, 0.008837677538394928, 0.008949547074735165, 0.009173286147415638, 0.009173286147415638, 0.008837677538394928, 0.008837677538394928, 0.009397024288773537, 0.008949547074735165, 0.00827833078801632, 0.008837677538394928, 0.008725808933377266, 0.008166462182998657]}, "L2_in_loss": {"epoch": [500, 1000, 1500, 2000, 2500, 3000, 3500, 4000, 4500, 5000, 5500, 6000, 6500, 7000, 7500, 8000, 8500, 9000, 9500, 10000, 10500, 11000, 11500, 12000, 12500, 13000, 13500, 14000, 14500, 15000], "test_acc": [0.990379273891449, 0.9998881816864014, 1.0, 1.0, 1.0, 1.0, 1.0, 1.0, 1.0, 1.0, 1.0, 1.0, 0.9998881816864014, 0.9998881816864014, 0.9998881816864014, 0.9998881816864014, 0.9998881816864014, 0.9998881816864014, 0.9998881816864014, 0.9998881816864014, 0.9998881816864014, 0.9998881816864014, 0.9998881816864014, 0.9998881816864014, 0.9998881816864014, 0.9998881816864014, 0.9998881816864014, 0.9998881816864014, 0.9998881816864014, 0.9998881816864014]}}, "4L_Transformer": {"WD_1.0": {"epoch": [500, 1000, 1500, 2000, 2500, 3000, 3500, 4000, 4500, 5000, 5500, 6000, 6500, 7000, 7500, 8000, 8500, 9000, 9500, 10000, 10500, 11000, 11500, 12000, 12500, 13000, 13500, 14000, 14500, 15000], "test_acc": [0.012641235254704952, 0.02248573675751686, 0.034232016652822495, 0.02942163683474064, 0.04497147351503372, 0.07920349389314651, 0.15941381454467773, 0.5501734018325806, 0.9714733362197876, 0.9901555180549622, 1.0, 1.0, 1.0, 1.0, 1.0, 1.0, 1.0, 1.0, 1.0, 1.0, 1.0, 0.7452735304832458, 1.0, 0.9996644258499146, 0.9948540329933167, 0.9969795346260071, 0.9994406700134277, 1.0, 0.9998881816864014, 0.9987694621086121]}, "SAM_0.2": {"epoch": [500, 1000, 1500, 2000, 2500, 3000, 3500, 4000, 4500, 5000, 5500, 6000, 6500, 7000, 7500, 8000, 8500, 9000, 9500, 10000, 10500, 11000, 11500, 12000, 12500, 13000, 13500, 14000, 14500, 15000], "test_acc": [0.007383376359939575, 0.006935899145901203, 0.008725808933377266, 0.007271507289260626, 0.007159637752920389, 0.007830853573977947, 0.00861393939703703, 0.007942723110318184, 0.009061416611075401, 0.009397024288773537, 0.007159637752920389, 0.007159637752920389, 0.007495245896279812, 0.007718984503298998, 0.007830853573977947, 0.007607114966958761, 0.007495245896279812, 0.007495245896279812, 0.007607114966958761, 0.007607114966958761, 0.007383376359939575, 0.007383376359939575, 0.007383376359939575, 0.007383376359939575, 0.007383376359939575, 0.007383376359939575, 0.007383376359939575, 0.007383376359939575, 0.007383376359939575, 0.007271507289260626]}, "noise_0.01": {"epoch": [500, 1000, 1500, 2000, 2500, 3000, 3500, 4000, 4500, 5000, 5500, 6000, 6500, 7000, 7500, 8000, 8500, 9000, 9500, 10000, 10500, 11000, 11500, 12000, 12500, 13000, 13500, 14000, 14500, 15000], "test_acc": [0.007159637752920389, 0.008837677538394928, 0.007607114966958761, 0.008725808933377266, 0.007718984503298998, 0.006712160538882017, 0.0068240296095609665, 0.007830853573977947, 0.005705336108803749, 0.008390200324356556, 0.008166462182998657, 0.00861393939703703, 0.008390200324356556, 0.007159637752920389, 0.008949547074735165, 0.009732632897794247, 0.007830853573977947, 0.008725808933377266, 0.008837677538394928, 0.008837677538394928, 0.007830853573977947, 0.007607114966958761, 0.006712160538882017, 0.007830853573977947, 0.007718984503298998, 0.00827833078801632, 0.008837677538394928, 0.0066002910025417805, 0.009061416611075401, 0.007607114966958761]}, "L2_in_loss": {"epoch": [500, 1000, 1500, 2000, 2500, 3000, 3500, 4000, 4500, 5000, 5500, 6000, 6500, 7000, 7500, 8000, 8500, 9000, 9500, 10000, 10500, 11000, 11500, 12000, 12500, 13000, 13500, 14000, 14500, 15000], "test_acc": [0.01062758732587099, 0.02371630072593689, 0.036133795976638794, 0.04922251030802727, 0.06756908446550369, 0.16802774369716644, 0.8659805655479431, 1.0, 1.0, 1.0, 1.0, 1.0, 1.0, 0.9995525479316711, 0.403624564409256, 0.9996644258499146, 0.9987694621086121, 0.9991050958633423, 0.9998881816864014, 0.9991050958633423, 0.9994406700134277, 0.999776303768158, 0.9984338879585266, 0.9994406700134277, 0.9984338879585266, 0.9918335676193237, 0.9986575841903687, 0.9975389242172241, 0.9996644258499146, 0.9995525479316711]}}, "MLP": {"WD_1.0": {"epoch": [500, 1000, 1500, 2000, 2500, 3000, 3500, 4000, 4500, 5000, 5500, 6000, 6500, 7000, 7500, 8000, 8500, 9000, 9500, 10000, 10500, 11000, 11500, 12000, 12500, 13000, 13500, 14000, 14500, 15000], "test_acc": [0.0, 0.0, 0.0, 0.0, 0.0, 0.0, 0.0, 0.0, 0.0, 0.0, 0.0, 0.00022373867977876216, 0.00033560802694410086, 0.0010068240808323026, 0.002349256072193384, 0.010068240575492382, 0.04676138237118721, 0.1665734499692917, 0.4658239185810089, 0.811612069606781, 0.996196448802948, 1.0, 1.0, 1.0, 1.0, 1.0, 1.0, 1.0, 1.0, 1.0]}, "SAM_0.2": {"epoch": [500, 1000, 1500, 2000, 2500, 3000, 3500, 4000, 4500, 5000, 5500, 6000, 6500, 7000, 7500, 8000, 8500, 9000, 9500, 10000, 10500, 11000, 11500, 12000, 12500, 13000, 13500, 14000, 14500, 15000], "test_acc": [0.0, 0.0, 0.0, 0.0, 0.0, 0.0, 0.0, 0.0, 0.0, 0.0, 0.0, 0.0, 0.0, 0.0, 0.0, 0.0, 0.0, 0.0, 0.0, 0.0, 0.0, 0.0, 0.0, 0.0, 0.0, 0.0, 0.0, 0.0, 0.0, 0.0]}, "noise_0.01": {"epoch": [500, 1000, 1500, 2000, 2500, 3000, 3500, 4000, 4500, 5000, 5500, 6000, 6500, 7000, 7500, 8000, 8500, 9000, 9500, 10000, 10500, 11000, 11500, 12000, 12500, 13000, 13500, 14000, 14500, 15000],