{"A1_WD_1.0": {"epoch": [500, 1000, 1500, 2000, 2500, 3000, 3500, 4000, 4500, 5000, 5500, 6000, 6500, 7000, 7500, 8000, 8500, 9000, 9500, 10000, 10500, 11000, 11500, 12000, 12500, 13000, 13500, 14000, 14500, 15000], "test_acc": [0.07405750453472137, 0.08345452696084976, 0.08613938838243484, 0.0924040749669075, 0.09542454779148102, 0.09945183992385864, 0.10347913950681686, 0.10560465604066849, 0.10828951746225357, 0.11030317097902298, 0.1124286875128746, 0.11735093593597412, 0.12439870834350586, 0.13569751381874084, 0.1505761295557022, 0.17496365308761597, 0.20796510577201843, 0.26244547963142395, 0.34444570541381836, 0.508669912815094, 0.8255957365036011, 0.9866876006126404, 0.9991050958633423, 1.0, 1.0, 1.0, 1.0, 1.0, 1.0, 1.0]}, "A2_WD_0.1": {"epoch": [500, 1000, 1500, 2000, 2500, 3000, 3500, 4000, 4500, 5000, 5500, 6000, 6500, 7000, 7500, 8000, 8500, 9000, 9500, 10000, 10500, 11000, 11500, 12000, 12500, 13000, 13500, 14000, 14500, 15000], "test_acc": [0.06231122091412544, 0.06298243999481201, 0.06443674117326736, 0.06510795652866364, 0.0666741281747818, 0.06801655888557434, 0.0685759037733078, 0.06969460099935532, 0.07070142030715942, 0.07193198800086975, 0.07361002266407013, 0.07461684942245483, 0.07629489153623581, 0.07640676200389862, 0.07707797735929489, 0.07797292619943619, 0.07830853760242462, 0.078084796667099, 0.07875601202249527, 0.07965096831321716, 0.07987470924854279, 0.08043405413627625, 0.07976283878087997, 0.07931536436080933, 0.08076966553926468, 0.08211209625005722, 0.08211209625005722, 0.08300705254077911, 0.08300705254077911, 0.08367826789617538]}, "A3_L2_in_loss": {"epoch": [500, 1000, 1500, 2000, 2500, 3000, 3500, 4000, 4500, 5000, 5500, 6000, 6500, 7000, 7500, 8000, 8500, 9000, 9500, 10000, 10500, 11000, 11500, 12000, 12500, 13000, 13500, 14000, 14500, 15000], "test_acc": [1.0, 1.0, 1.0, 1.0, 1.0, 1.0, 1.0, 1.0, 1.0, 1.0, 1.0, 1.0, 1.0, 1.0, 1.0, 1.0, 1.0, 1.0, 1.0, 1.0, 1.0, 1.0, 1.0, 1.0, 1.0, 1.0, 1.0, 1.0, 1.0, 1.0]}, "A4_L1_in_loss": {"epoch": [500, 1000, 1500, 2000, 2500, 3000, 3500, 4000, 4500, 5000, 5500, 6000, 6500, 7000, 7500, 8000, 8500, 9000, 9500, 10000, 10500, 11000, 11500, 12000, 12500, 13000, 13500, 14000, 14500, 15000], "test_acc": [0.0694708600640297, 0.11679159104824066, 0.4286833107471466, 0.9393668174743652, 0.9964202046394348, 0.9985457062721252, 0.9995525479316711, 1.0, 1.0, 1.0, 1.0, 1.0, 1.0, 1.0, 1.0, 1.0, 1.0, 1.0, 1.0, 1.0, 1.0, 1.0, 1.0, 1.0, 1.0, 1.0, 1.0, 1.0, 1.0, 1.0]}, "B1_SAM_0.05": {"epoch": [500, 1000, 1500, 2000, 2500, 3000, 3500, 4000, 4500, 5000, 5500, 6000, 6500, 7000, 7500, 8000, 8500, 9000, 9500, 10000, 10500, 11000, 11500, 12000, 12500, 13000, 13500, 14000, 14500, 15000], "test_acc": [0.06074505299329758, 0.06231122091412544, 0.06298243999481201, 0.062423091381788254, 0.062423091381788254, 0.06253495812416077, 0.06320617347955704, 0.06342991441488266, 0.0637655258178711, 0.0637655258178711, 0.06354178488254547, 0.06354178488254547, 0.06365365535020828, 0.06365365535020828, 0.0637655258178711, 0.06354178488254547, 0.06354178488254547, 0.06331804394721985, 0.06309431046247482, 0.06309431046247482, 0.06298243999481201, 0.0628705695271492, 0.0628705695271492, 0.06275869905948639, 0.06275869905948639, 0.06264682859182358, 0.06264682859182358, 0.06275869905948639, 0.06264682859182358, 0.06275869905948639]}, "B2_SAM_0.2": {"epoch": [500, 1000, 1500, 2000, 2500, 3000, 3500, 4000, 4500, 5000, 5500, 6000, 6500, 7000, 7500, 8000, 8500, 9000, 9500, 10000, 10500, 11000, 11500, 12000, 12500, 13000, 13500, 14000, 14500, 15000], "test_acc": [0.06320617347955704, 0.06354178488254547, 0.06510795652866364, 0.06544356048107147, 0.0656673014163971, 0.06600291281938553, 0.0656673014163971, 0.06555543094873428, 0.06533169746398926, 0.06533169746398926, 0.06555543094873428, 0.06544356048107147, 0.0656673014163971, 0.06555543094873428, 0.06533169746398926, 0.06533169746398926, 0.06555543094873428, 0.06544356048107147, 0.06521982699632645, 0.06521982699632645, 0.06521982699632645, 0.06533169746398926, 0.06544356048107147, 0.06533169746398926, 0.06533169746398926, 0.06533169746398926, 0.06533169746398926, 0.06533169746398926, 0.06544356048107147, 0.06544356048107147]}, "B3_SAM_0.5": {"epoch": [500, 1000, 1500, 2000, 2500, 3000, 3500, 4000, 4500, 5000, 5500, 6000, 6500, 7000, 7500, 8000, 8500, 9000, 9500, 10000, 10500, 11000, 11500, 12000, 12500, 13000, 13500, 14000, 14500, 15000], "test_acc": [0.0637655258178711, 0.06499608606100082, 0.06633851677179337, 0.06812842935323715, 0.06891151517629623, 0.06879964470863342, 0.0704776868224144, 0.07081329077482224, 0.07092516124248505, 0.07003020495176315, 0.07014207541942596, 0.07036581635475159, 0.07025394588708878, 0.07014207541942596, 0.07070142030715942, 0.07058954983949661, 0.07036581635475159, 0.07058954983949661, 0.07058954983949661, 0.07058954983949661, 0.07070142030715942, 0.07058954983949661, 0.07058954983949661, 0.07070142030715942, 0.07070142030715942, 0.07058954983949661, 0.07058954983949661, 0.0704776868224144, 0.07036581635475159, 0.07036581635475159]}, "C1_noise_1e-3": {"epoch": [500, 1000, 1500, 2000, 2500, 3000, 3500, 4000, 4500, 5000, 5500, 6000, 6500, 7000, 7500, 8000, 8500, 9000, 9500, 10000, 10500, 11000, 11500, 12000, 12500, 13000, 13500, 14000, 14500, 15000], "test_acc": [0.05962635949254036, 0.05649401620030403, 0.05660588666796684, 0.05503971502184868, 0.05772458016872406, 0.05380915105342865, 0.05503971502184868, 0.052242983132600784, 0.053473543375730515, 0.053585413843393326, 0.053585413843393326, 0.05324980616569519, 0.054144758731126785, 0.051571764051914215, 0.04620203748345375, 0.048327554017305374, 0.047768209129571915, 0.05123615637421608, 0.05067681148648262, 0.05112428963184357, 0.05011746287345886, 0.04922251030802727, 0.0466495156288147, 0.04497147351503372, 0.04877503216266632, 0.04989372566342354, 0.051683634519577026, 0.04877503216266632, 0.050453070551157, 0.048439424484968185]}, "C2_noise_1e-2": {"epoch": [500, 1000, 1500, 2000, 2500, 3000, 3500, 4000, 4500, 5000, 5500, 6000, 6500, 7000, 7500, 8000, 8500, 9000, 9500, 10000, 10500, 11000, 11500, 12000, 12500, 13000, 13500, 14000, 14500, 15000], "test_acc": [0.0066002910025417805, 0.008725808933377266, 0.007495245896279812, 0.009061416611075401, 0.00861393939703703, 0.008725808933377266, 0.009508893825113773, 0.0092851547524333, 0.00861393939703703, 0.008390200324356556, 0.009173286147415638, 0.0092851547524333, 0.00805459264665842, 0.008390200324356556, 0.008837677538394928, 0.009956371039152145, 0.00805459264665842, 0.00827833078801632, 0.009061416611075401, 0.009173286147415638, 0.00861393939703703, 0.008166462182998657, 0.009397024288773537, 0.008502069860696793, 0.008949547074735165, 0.0092851547524333, 0.009508893825113773, 0.0092851547524333, 0.008725808933377266, 0.00827833078801632]}, "C3_noise_1e-1": {"epoch": [500, 1000, 1500, 2000, 2500, 3000, 3500, 4000, 4500, 5000, 5500, 6000, 6500, 7000, 7500, 8000, 8500, 9000, 9500, 10000, 10500, 11000, 11500, 12000, 12500, 13000, 13500, 14000, 14500, 15000], "test_acc": [0.008390200324356556, 0.008949547074735165, 0.008390200324356556, 0.00827833078801632, 0.007159637752920389, 0.008725808933377266, 0.009173286147415638, 0.00861393939703703, 0.0070477682165801525, 0.009173286147415638, 0.010291979648172855, 0.007830853573977947, 0.007718984503298998, 0.010068240575492382, 0.009173286147415638, 0.009173286147415638, 0.0092851547524333, 0.008725808933377266, 0.008725808933377266, 0.009173286147415638, 0.007942723110318184, 0.009173286147415638, 0.00805459264665842, 0.007942723110318184, 0.008390200324356556, 0.01062758732587099, 0.008949547074735165, 0.008725808933377266, 0.00805459264665842, 0.008949547074735165]}, "D1_LS_0.1": {"epoch": [500, 1000, 1500, 2000, 2500, 3000, 3500, 4000, 4500, 5000, 5500, 6000, 6500, 7000, 7500, 8000, 8500, 9000, 9500, 10000, 10500, 11000, 11500, 12000, 12500, 13000, 13500, 14000, 14500, 15000],