{"W_E": {"10": {"epoch": [500, 1000, 1500, 2000, 2500, 3000, 3500, 4000, 4500, 5000, 5500, 6000, 6500, 7000, 7500, 8000, 8500, 9000, 9500, 10000, 10500, 11000, 11500, 12000, 12500, 13000, 13500, 14000, 14500, 15000, 15500, 16000, 16500, 17000, 17500, 18000, 18500, 19000, 19500, 20000], "test_acc": [0.05649401620030403, 0.06141626834869385, 0.06253495812416077, 0.0637655258178711, 0.06398925930261612, 0.06410112977027893, 0.06410112977027893, 0.06398925930261612, 0.06398925930261612, 0.0638773962855339, 0.06398925930261612, 0.06398925930261612, 0.0638773962855339, 0.0638773962855339, 0.06398925930261612, 0.06421300023794174, 0.06466048210859299, 0.06454861164093018, 0.06466048210859299, 0.06466048210859299, 0.06466048210859299, 0.06466048210859299, 0.0647723451256752, 0.06488421559333801, 0.06499608606100082, 0.0647723451256752, 0.0647723451256752, 0.06488421559333801, 0.06488421559333801, 0.06488421559333801, 0.0647723451256752, 0.0647723451256752, 0.0647723451256752, 0.0647723451256752, 0.06466048210859299, 0.06466048210859299, 0.06466048210859299, 0.06466048210859299, 0.06466048210859299, 0.06466048210859299]}, "20": {"epoch": [500, 1000, 1500, 2000, 2500, 3000, 3500, 4000, 4500, 5000, 5500, 6000, 6500, 7000, 7500, 8000, 8500, 9000, 9500, 10000, 10500, 11000, 11500, 12000, 12500, 13000, 13500, 14000, 14500, 15000, 15500, 16000, 16500, 17000, 17500, 18000, 18500, 19000, 19500, 20000], "test_acc": [0.05503971502184868, 0.06275869905948639, 0.06454861164093018, 0.06611478328704834, 0.06633851677179337, 0.06633851677179337, 0.0666741281747818, 0.06678599864244461, 0.06712160259485245, 0.06700973212718964, 0.06768094748258591, 0.06790468841791153, 0.06790468841791153, 0.06812842935323715, 0.06824029982089996, 0.06835217028856277, 0.06824029982089996, 0.0685759037733078, 0.06879964470863342, 0.06902338564395905, 0.06879964470863342, 0.06891151517629623, 0.06924711912870407, 0.0694708600640297, 0.0695827305316925, 0.06991833448410034, 0.07025394588708878, 0.07036581635475159, 0.07036581635475159, 0.07036581635475159, 0.07036581635475159, 0.07058954983949661, 0.07058954983949661, 0.07058954983949661, 0.07058954983949661, 0.07058954983949661, 0.07058954983949661, 0.07070142030715942, 0.07092516124248505, 0.07081329077482224]}, "50": {"epoch": [500, 1000, 1500, 2000, 2500, 3000, 3500, 4000, 4500, 5000, 5500, 6000, 6500, 7000, 7500, 8000, 8500, 9000, 9500, 10000, 10500, 11000, 11500, 12000, 12500, 13000, 13500, 14000, 14500, 15000, 15500, 16000, 16500, 17000, 17500, 18000, 18500, 19000, 19500, 20000], "test_acc": [0.06029757484793663, 0.06208748370409012, 0.0637655258178711, 0.06443674117326736, 0.06421300023794174, 0.0638773962855339, 0.06421300023794174, 0.06421300023794174, 0.06410112977027893, 0.0638773962855339, 0.0637655258178711, 0.06354178488254547, 0.06365365535020828, 0.06342991441488266, 0.0628705695271492, 0.062423091381788254, 0.06253495812416077, 0.062423091381788254, 0.0628705695271492, 0.06264682859182358, 0.06253495812416077, 0.06264682859182358, 0.06219935417175293, 0.06253495812416077, 0.062423091381788254, 0.06253495812416077, 0.06264682859182358, 0.062423091381788254, 0.06253495812416077, 0.06264682859182358, 0.06264682859182358, 0.06264682859182358, 0.06264682859182358, 0.06309431046247482, 0.06298243999481201, 0.0628705695271492, 0.06275869905948639, 0.06253495812416077, 0.062423091381788254, 0.062423091381788254]}}, "W_in": {"10": {"epoch": [500, 1000, 1500, 2000, 2500, 3000, 3500, 4000, 4500, 5000, 5500, 6000, 6500, 7000, 7500, 8000, 8500, 9000, 9500, 10000, 10500, 11000, 11500, 12000, 12500, 13000, 13500, 14000, 14500, 15000, 15500, 16000, 16500, 17000, 17500, 18000, 18500, 19000, 19500, 20000], "test_acc": [0.05694149434566498, 0.06354178488254547, 0.0666741281747818, 0.06678599864244461, 0.06734534353017807, 0.06700973212718964, 0.0666741281747818, 0.0666741281747818, 0.06689786165952682, 0.06734534353017807, 0.06723347306251526, 0.06734534353017807, 0.06734534353017807, 0.06723347306251526, 0.06712160259485245, 0.06712160259485245, 0.06712160259485245, 0.06723347306251526, 0.06734534353017807, 0.06745721399784088, 0.06745721399784088, 0.06734534353017807, 0.06734534353017807, 0.06768094748258591, 0.06768094748258591, 0.06768094748258591, 0.06779281795024872, 0.06790468841791153, 0.06790468841791153, 0.06779281795024872, 0.06768094748258591, 0.06768094748258591, 0.06768094748258591, 0.06768094748258591, 0.06768094748258591, 0.06768094748258591, 0.06768094748258591, 0.06768094748258591, 0.06779281795024872, 0.06768094748258591]}, "20": {"epoch": [500, 1000, 1500, 2000, 2500, 3000, 3500, 4000, 4500, 5000, 5500, 6000, 6500, 7000, 7500, 8000, 8500, 9000, 9500, 10000, 10500, 11000, 11500, 12000, 12500, 13000, 13500, 14000, 14500, 15000, 15500, 16000, 16500, 17000, 17500, 18000, 18500, 19000, 19500, 20000], "test_acc": [0.06197561323642731, 0.07293880730867386, 0.07663049548864365, 0.07730171084403992, 0.07763732224702835, 0.07741358131170273, 0.07797292619943619, 0.07819666713476181, 0.07842040807008743, 0.07853227853775024, 0.0790916234254837, 0.07942723482847214, 0.07976283878087997, 0.08032218366861343, 0.08054592460393906, 0.08021031320095062, 0.08110526949167252, 0.08144088089466095, 0.08110526949167252, 0.08144088089466095, 0.08144088089466095, 0.08177648484706879, 0.08166462182998657, 0.08166462182998657, 0.0818883553147316, 0.08211209625005722, 0.08244770020246506, 0.08244770020246506, 0.08267144113779068, 0.08255957067012787, 0.0828951820731163, 0.08345452696084976, 0.08334265649318695, 0.08323078602552414, 0.08367826789617538, 0.0837901383638382, 0.08434948325157166, 0.08423761278390884, 0.08434948325157166, 0.08457322418689728]}, "50": {"epoch": [500, 1000, 1500, 2000, 2500, 3000, 3500, 4000, 4500, 5000, 5500, 6000, 6500, 7000, 7500, 8000, 8500, 9000, 9500, 10000, 10500, 11000, 11500, 12000, 12500, 13000, 13500, 14000, 14500, 15000, 15500, 16000, 16500, 17000, 17500, 18000, 18500, 19000, 19500, 20000], "test_acc": [0.05973822623491287, 0.06253495812416077, 0.0637655258178711, 0.06410112977027893, 0.06421300023794174, 0.06454861164093018, 0.06466048210859299, 0.06510795652866364, 0.06443674117326736, 0.06421300023794174, 0.06421300023794174, 0.06454861164093018, 0.06454861164093018, 0.06454861164093018, 0.06466048210859299, 0.06466048210859299, 0.06466048210859299, 0.06466048210859299, 0.06454861164093018, 0.06432487070560455, 0.06421300023794174, 0.06421300023794174, 0.06454861164093018, 0.06443674117326736, 0.06454861164093018, 0.06443674117326736, 0.06421300023794174, 0.06432487070560455, 0.06443674117326736, 0.06454861164093018, 0.06443674117326736, 0.06432487070560455, 0.06432487070560455, 0.06454861164093018, 0.0647723451256752, 0.06488421559333801, 0.06488421559333801, 0.06488421559333801, 0.0647723451256752, 0.06499608606100082]}}, "W_out": {"10": {"epoch": [500, 1000, 1500, 2000, 2500, 3000, 3500, 4000, 4500, 5000, 5500, 6000, 6500, 7000, 7500, 8000, 8500, 9000, 9500, 10000, 10500, 11000, 11500, 12000, 12500, 13000, 13500, 14000, 14500, 15000, 15500, 16000, 16500, 17000, 17500, 18000, 18500, 19000, 19500, 20000], "test_acc": [0.031099677085876465, 0.03546258062124252, 0.03725248947739601, 0.03758809715509415, 0.03769996762275696, 0.038147445768117905, 0.03837118297815323, 0.03837118297815323, 0.03837118297815323, 0.03837118297815323, 0.03837118297815323, 0.03837118297815323, 0.03859492391347885, 0.03859492391347885, 0.03859492391347885, 0.03848305344581604, 0.038706790655851364, 0.038706790655851364, 0.038818661123514175, 0.038818661123514175, 0.038706790655851364, 0.03859492391347885, 0.03859492391347885, 0.03859492391347885, 0.03848305344581604, 0.03848305344581604, 0.03848305344581604, 0.03825931251049042, 0.038147445768117905, 0.038147445768117905, 0.038147445768117905, 0.038147445768117905, 0.03825931251049042, 0.03825931251049042, 0.03837118297815323, 0.03825931251049042, 0.03825931251049042, 0.03825931251049042, 0.03825931251049042, 0.03825931251049042]},