{"15": {"epoch": [500, 1000, 1500, 2000, 2500, 3000, 3500, 4000, 4500, 5000, 5500, 6000, 6500, 7000, 7500, 8000, 8500, 9000, 9500, 10000, 10500, 11000, 11500, 12000, 12500, 13000, 13500, 14000, 14500, 15000, 15500, 16000, 16500, 17000, 17500, 18000, 18500, 19000, 19500, 20000], "test_acc": [0.07584740966558456, 0.08725808560848236, 0.0913972482085228, 0.09374650567770004, 0.09441772103309631, 0.09587202221155167, 0.09318716078996658, 0.09408211708068848, 0.09609576314687729, 0.09385837614536285, 0.09687884896993637, 0.09755006432533264, 0.09844502061605453, 0.09878062456846237, 0.09922810643911362, 0.09922810643911362, 0.09945183992385864, 0.09922810643911362, 0.10012306272983551, 0.1000111922621727, 0.09978745132684708, 0.09978745132684708, 0.09933997690677643, 0.09933997690677643, 0.09956371039152145, 0.09945183992385864, 0.1000111922621727, 0.1000111922621727, 0.09989932179450989, 0.10012306272983551, 0.10034679621458054, 0.10068240761756897, 0.10112988203763962, 0.10068240761756897, 0.10023492574691772, 0.10068240761756897, 0.10057053714990616, 0.10034679621458054, 0.10057053714990616, 0.10112988203763962], "train_loss": [0.10007408703228163, 0.00014546108664102234, 4.889758403732574e-07, 1.5220657226525679e-05, 9.68337328024125e-07, 5.039764583024499e-08, 1.2182685768057023e-05, 5.694420115208448e-07, 3.6088442779796544e-08, 0.00035412142018584835, 2.567867171597655e-06, 1.1170536933966655e-07, 1.0027982346162523e-08, 3.186114892283552e-09, 1.9852558862323357e-09, 1.5565868946436477e-09, 1.3392860782040577e-09, 1.1759153897331784e-09, 1.076926188381822e-09, 1.0074716575905467e-09, 9.607692188180813e-10, 9.219742377202169e-10, 8.768754038013515e-10, 8.421910552705925e-10, 8.179233958202241e-10, 7.936876753114498e-10, 7.73610001375683e-10, 7.571630264262777e-10, 7.517354716529446e-10, 7.500987535657226e-10, 7.405313619052527e-10, 7.364392027485831e-10, 7.453825168877877e-10, 7.486947383419501e-10, 7.494254110150657e-10, 7.40419937315891e-10, 7.280788728668238e-10, 7.248112526377696e-10, 7.159400243817783e-10, 7.098289940529647e-10]}, "20": {"epoch": [500, 1000, 1500, 2000, 2500, 3000, 3500, 4000, 4500, 5000, 5500, 6000, 6500, 7000, 7500, 8000, 8500, 9000, 9500, 10000, 10500, 11000, 11500, 12000, 12500, 13000, 13500, 14000, 14500, 15000, 15500, 16000, 16500, 17000, 17500, 18000, 18500, 19000, 19500, 20000], "test_acc": [0.0790916234254837, 0.08893612772226334, 0.09218033403158188, 0.09464146196842194, 0.09497706592082977, 0.09564828872680664, 0.09609576314687729, 0.09643137454986572, 0.09643137454986572, 0.09699071943759918, 0.09732632339000702, 0.09788567572832108, 0.09822127968072891, 0.09866875410079956, 0.09889249503612518, 0.10012306272983551, 0.10112988203763962, 0.10068240761756897, 0.10079427808523178, 0.10180109739303589, 0.10180109739303589, 0.1019129678606987, 0.10213670879602432, 0.10258418321609497, 0.1028079241514206, 0.10403848439455032, 0.10347913950681686, 0.10370288044214249, 0.1038147509098053, 0.10392661392688751, 0.10392661392688751, 0.10392661392688751, 0.10415035486221313, 0.10392661392688751, 0.10347913950681686, 0.10370288044214249, 0.1047096997499466, 0.10515718162059784, 0.10526905208826065, 0.10582839697599411], "train_loss": [0.0015242766045024134, 3.7544054667558004e-06, 3.096893265124505e-08, 6.4174053536633396e-09, 4.305984333307966e-09, 3.7088290324507636e-09, 3.4653627152110174e-09, 3.330965615704192e-09, 3.27956923362968e-09, 3.271674274948754e-09, 3.2152022259976866e-09, 3.176363709843642e-09, 3.177216647357358e-09, 3.1588456981834907e-09, 3.160494070541399e-09, 3.1293675334190963e-09, 3.0890161511296456e-09, 3.067485048471841e-09, 3.0521965694448477e-09, 3.0601958801824724e-09, 3.0573284107837408e-09, 3.0278779082970093e-09, 3.0092608226127322e-09, 2.989777061529933e-09, 2.9778376687385635e-09, 2.9723873239201855e-09, 2.9607411101248204e-09, 2.9445197570058873e-09, 2.918594797745757e-09, 2.897470929695797e-09, 2.8805477190877494e-09, 2.877448465320671e-09, 2.8744193221687137e-09, 2.8764544597563944e-09, 2.870512615957034e-09, 2.8685212033618385e-09, 2.8650062306716642e-09, 2.8547250138116607e-09, 2.8592255143223954e-09, 2.8511106510039548e-09]}, "30": {"epoch": [500, 1000, 1500, 2000, 2500, 3000, 3500, 4000, 4500, 5000, 5500, 6000, 6500, 7000, 7500, 8000, 8500, 9000, 9500, 10000, 10500, 11000, 11500, 12000, 12500, 13000, 13500, 14000, 14500, 15000, 15500, 16000, 16500, 17000, 17500, 18000, 18500, 19000, 19500, 20000], "test_acc": [0.06902338564395905, 0.07607115060091019, 0.07830853760242462, 0.08009845018386841, 0.08065779507160187, 0.08144088089466095, 0.0818883553147316, 0.0818883553147316, 0.08177648484706879, 0.08200022578239441, 0.08222396671772003, 0.08222396671772003, 0.08300705254077911, 0.08311892300844193, 0.08334265649318695, 0.08345452696084976, 0.0837901383638382, 0.08412574231624603, 0.08401387184858322, 0.08390200138092041, 0.08434948325157166, 0.08502069860696793, 0.08468508720397949, 0.0847969576716423, 0.08513256907463074, 0.08546817302703857, 0.08580378443002701, 0.08591565489768982, 0.08558004349470139, 0.08535631000995636, 0.08524443954229355, 0.08546817302703857, 0.08524443954229355, 0.08558004349470139, 0.08602752536535263, 0.08591565489768982, 0.08580378443002701, 0.08602752536535263, 0.08580378443002701, 0.08580378443002701], "train_loss": [0.0003674165357414419, 1.1846637084613586e-06, 1.5094743695519536e-08, 4.022667385726249e-09, 2.5377319919260943e-09, 1.988975761999138e-09, 1.7190829224487e-09, 1.5728273469597895e-09, 1.4720677590166754e-09, 1.4088254212798917e-09, 1.3598360893683979e-09, 1.3178459696180953e-09, 1.2901963360524714e-09, 1.272784535041205e-09, 1.2530505645381864e-09, 1.2368134103270367e-09, 1.2230660990823167e-09, 1.2110911523354365e-09, 1.1999707840774699e-09, 1.1876116669437475e-09, 1.180686911494923e-09, 1.172817614474259e-09, 1.167037066177769e-09, 1.1632744591318972e-09, 1.1555301143207652e-09, 1.1454446628019726e-09, 1.140552755680862e-09, 1.1370919306742653e-09, 1.1298343871780108e-09, 1.1286954975593336e-09, 1.1267116593457623e-09, 1.1221598344652225e-09, 1.1230185704075423e-09, 1.1233577070751012e-09, 1.121028183617515e-09, 1.1179392216959446e-09, 1.1177143414720347e-09, 1.118370082787237e-09, 1.120894191643357e-09, 1.124390547498113e-09]}, "50": {"epoch": [500, 1000, 1500, 2000, 2500, 3000, 3500, 4000, 4500, 5000, 5500, 6000, 6500, 7000, 7500, 8000, 8500, 9000, 9500, 10000, 10500, 11000, 11500, 12000, 12500, 13000, 13500, 14000, 14500, 15000, 15500, 16000, 16500, 17000, 17500, 18000, 18500, 19000, 19500, 20000], "test_acc": [0.0514598973095417, 0.05503971502184868, 0.05750083923339844, 0.05850766599178314, 0.05884327366948128, 0.05884327366948128, 0.05917888134717941, 0.0590670108795166, 0.059290751814842224, 0.059290751814842224, 0.05917888134717941, 0.05917888134717941, 0.0590670108795166, 0.05917888134717941, 0.0590670108795166, 0.058731403201818466, 0.0590670108795166, 0.05895514041185379, 0.05884327366948128, 0.058731403201818466, 0.05951448902487755, 0.05962635949254036, 0.05951448902487755, 0.059290751814842224, 0.05940261855721474, 0.05962635949254036, 0.05940261855721474, 0.05940261855721474, 0.05951448902487755, 0.05973822623491287, 0.059961967170238495, 0.06029757484793663, 0.06029757484793663, 0.06040944531559944, 0.06018570438027382, 0.06018570438027382, 0.06007383391261101, 0.06007383391261101, 0.06018570438027382, 0.06040944531559944],