{"control_nothing": {"epoch": [500, 1000, 1500, 2000, 2500, 3000, 3500, 4000, 4500, 5000, 5500, 6000, 6500, 7000, 7500, 8000, 8500, 9000, 9500, 10000, 10500, 11000, 11500, 12000, 12500, 13000, 13500, 14000, 14500, 15000, 15500, 16000, 16500, 17000, 17500, 18000, 18500, 19000, 19500, 20000], "train_acc": [1.0, 1.0, 1.0, 1.0, 1.0, 1.0, 1.0, 1.0, 1.0, 1.0, 1.0, 1.0, 1.0, 1.0, 1.0, 1.0, 1.0, 1.0, 1.0, 1.0, 1.0, 1.0, 1.0, 1.0, 1.0, 1.0, 1.0, 1.0, 1.0, 1.0, 1.0, 1.0, 1.0, 1.0, 1.0, 1.0, 1.0, 1.0, 1.0, 1.0], "test_acc": [0.06141626834869385, 0.06141626834869385, 0.06141626834869385, 0.06141626834869385, 0.06141626834869385, 0.06141626834869385, 0.06141626834869385, 0.06141626834869385, 0.06141626834869385, 0.06141626834869385, 0.06152813509106636, 0.06152813509106636, 0.06141626834869385, 0.06141626834869385, 0.06141626834869385, 0.06141626834869385, 0.06141626834869385, 0.06141626834869385, 0.06141626834869385, 0.06141626834869385, 0.06141626834869385, 0.06141626834869385, 0.06141626834869385, 0.06141626834869385, 0.06141626834869385, 0.061304397881031036, 0.061304397881031036, 0.061304397881031036, 0.061304397881031036, 0.061304397881031036, 0.061304397881031036, 0.06141626834869385, 0.06141626834869385, 0.06141626834869385, 0.06141626834869385, 0.06141626834869385, 0.06141626834869385, 0.06141626834869385, 0.06141626834869385, 0.06141626834869385], "train_loss": [3.080784104705779e-11, 3.04772788955859e-11, 3.0153531136506046e-11, 2.983632256205332e-11, 2.952540614035789e-11, 2.922073340424229e-11, 2.8922151589337348e-11, 2.8629506192021105e-11, 2.834262589589474e-11, 2.806125207406987e-11, 2.7785326519553453e-11, 2.7514613215743255e-11, 2.7249008908999227e-11, 2.698841927384561e-11, 2.6732723258288916e-11, 2.648177337369341e-11, 2.62355204571805e-11, 2.599379504755433e-11, 2.5756504036816075e-11, 2.5523476978193306e-11, 2.529458528293047e-11, 2.5069766106027136e-11, 2.4848798852255696e-11, 2.4631648446685093e-11, 2.4418145022293807e-11, 2.4208247068915495e-11, 2.4001893538777583e-11, 2.3799008426533577e-11, 2.359950842197532e-11, 2.3403356710918975e-11, 2.3210378092634498e-11, 2.3020455979210528e-11, 2.283355297671231e-11, 2.2649616327805507e-11, 2.2468486716935473e-11, 2.229018066700362e-11, 2.2114602113281395e-11, 2.1941700501487995e-11, 2.1771412812697695e-11, 2.1603696377242287e-11]}, "wd_1.0": {"epoch": [500, 1000, 1500, 2000, 2500, 3000, 3500, 4000, 4500, 5000, 5500, 6000, 6500, 7000, 7500, 8000, 8500, 9000, 9500, 10000, 10500, 11000, 11500, 12000, 12500, 13000, 13500, 14000, 14500, 15000, 15500, 16000, 16500, 17000, 17500, 18000, 18500, 19000, 19500, 20000], "train_acc": [1.0, 1.0, 1.0, 1.0, 1.0, 1.0, 1.0, 1.0, 1.0, 1.0, 1.0, 1.0, 1.0, 1.0, 1.0, 1.0, 1.0, 1.0, 1.0, 1.0, 1.0, 1.0, 1.0, 1.0, 1.0, 1.0, 1.0, 1.0, 1.0, 1.0, 1.0, 1.0, 1.0, 1.0, 1.0, 1.0, 1.0, 1.0, 1.0, 1.0], "test_acc": [0.07461684942245483, 0.08356639742851257, 0.08625125885009766, 0.09251594543457031, 0.09564828872680664, 0.10034679621458054, 0.10213670879602432, 0.10426222532987595, 0.10549278557300568, 0.10840138792991638, 0.11276429146528244, 0.11667972058057785, 0.12518179416656494, 0.13659246265888214, 0.15191856026649475, 0.1744043081998825, 0.20707014203071594, 0.26166239380836487, 0.34254392981529236, 0.49591678380966187, 0.8008726239204407, 0.9795279502868652, 0.9985457062721252, 1.0, 1.0, 1.0, 1.0, 1.0, 1.0, 1.0, 1.0, 1.0, 1.0, 1.0, 1.0, 1.0, 1.0, 1.0, 1.0, 1.0], "train_loss": [3.912188449953927e-07, 3.7676386324307207e-07, 3.635011673710923e-07, 3.533585499763099e-07, 3.447166984967385e-07, 3.374817798052856e-07, 3.3137325036279275e-07, 3.262205242092706e-07, 3.210271675483382e-07, 3.1639662405425763e-07, 3.1245601470786144e-07, 3.0733707259945127e-07, 3.026100159379751e-07, 2.975788089320874e-07, 2.909414334276255e-07, 2.8376797127728873e-07, 2.748851063579883e-07, 2.628989132397824e-07, 2.486280784671e-07, 2.2730177060180465e-07, 1.9055319341301928e-07, 1.5589862489688322e-07, 1.3558672435783522e-07, 1.2408986876573768e-07, 1.1644078040867856e-07, 1.1091930044503436e-07, 1.0900418416808028e-07, 1.0822423689439473e-07, 1.0771739553225043e-07, 1.0730322417175664e-07, 1.0696241621225303e-07, 1.0664570551040735e-07, 1.0639059789798269e-07, 1.0616399364398571e-07, 1.0595315837758713e-07, 1.0577540044812113e-07, 1.0561667437524301e-07, 1.0546724295461676e-07, 1.0533903626968485e-07, 1.0521130843994443e-07]}, "noise_std0.001": {"epoch": [500, 1000, 1500, 2000, 2500, 3000, 3500, 4000, 4500, 5000, 5500, 6000, 6500, 7000, 7500, 8000, 8500, 9000, 9500, 10000, 10500, 11000, 11500, 12000, 12500, 13000, 13500, 14000, 14500, 15000, 15500, 16000, 16500, 17000, 17500, 18000, 18500, 19000, 19500, 20000], "train_acc": [1.0, 1.0, 1.0, 1.0, 1.0, 1.0, 1.0, 1.0, 1.0, 1.0, 1.0, 1.0, 1.0, 1.0, 1.0, 1.0, 1.0, 1.0, 1.0, 1.0, 1.0, 1.0, 1.0, 1.0, 1.0, 1.0, 1.0, 1.0, 1.0, 1.0, 1.0, 1.0, 1.0, 1.0, 1.0, 1.0, 1.0, 1.0, 1.0, 1.0], "test_acc": [0.05951448902487755, 0.059961967170238495, 0.05470410734415054, 0.05571093037724495, 0.05403289198875427, 0.05313793569803238, 0.05201924219727516, 0.05257859081029892, 0.0523548498749733, 0.047768209129571915, 0.051683634519577026, 0.04978185519576073, 0.04922251030802727, 0.05056494101881981, 0.05067681148648262, 0.048551294952631, 0.04888690263032913, 0.048551294952631, 0.04978185519576073, 0.04989372566342354, 0.04933437705039978, 0.046425774693489075, 0.0466495156288147, 0.05213111266493797, 0.049669988453388214, 0.04810381680727005, 0.04922251030802727, 0.04922251030802727, 0.0514598973095417, 0.05179550498723984, 0.05067681148648262, 0.051683634519577026, 0.04933437705039978, 0.050341203808784485, 0.05436849966645241, 0.05123615637421608, 0.05179550498723984, 0.05503971502184868, 0.055263452231884, 0.055263452231884], "train_loss": [5.10762629730612e-09, 5.903798349040614e-09, 5.269621936817726e-09, 4.993447888163913e-09, 4.719537109971174e-09, 3.80848350736696e-09, 3.451045163485666e-09, 3.7581655471670705e-09, 4.342478695182853e-09, 3.070580384115436e-09, 2.7619511338405717e-09, 3.203940862967571e-09, 1.1418883145787024e-06, 1.333952149561302e-08, 3.610456735030582e-09, 2.4490585296452124e-09, 2.588394580773111e-09, 2.354036485725409e-09, 9.162808898309849e-06, 6.199230356974457e-08, 2.4737548115670802e-09, 1.4673939118589195e-05, 1.231129027686593e-07, 0.00011381186319652305, 6.154689295436611e-07, 0.0001153653882122094, 1.0434288512922545e-06, 1.0840145607727331e-08, 2.5732335483345606e-06, 4.649909021863478e-06, 3.7314143327185437e-08, 2.922497932782146e-05, 9.82417618955238e-07, 6.541963371828956e-06, 1.912588714126848e-05, 1.7487882500215922e-06, 6.953803993382135e-06, 1.2048504352174701e-05, 4.904261532905034e-05, 0.00010709906745242103]}, "sam_rho0.05": {"epoch": [500, 1000, 1500, 2000, 2500, 3000, 3500, 4000, 4500, 5000, 5500, 6000, 6500, 7000, 7500, 8000, 8500, 9000, 9500, 10000, 10500, 11000, 11500, 12000, 12500, 13000, 13500, 14000, 14500, 15000, 15500, 16000, 16500, 17000, 17500, 18000, 18500, 19000, 19500, 20000], "train_acc": [1.0, 1.0, 1.0, 1.0, 1.0, 1.0, 1.0, 1.0, 1.0, 1.0, 1.0, 1.0, 1.0, 1.0, 1.0, 1.0, 1.0, 1.0, 1.0, 1.0, 1.0, 1.0, 1.0, 1.0, 1.0, 1.0, 1.0, 1.0, 1.0, 1.0, 1.0, 1.0, 1.0, 1.0, 1.0, 1.0, 1.0, 1.0, 1.0, 1.0],