{"M-frozen+freshU": {"epoch": [0, 100, 200, 300, 400, 500, 600, 700, 800, 900, 1000, 1100, 1200, 1300, 1400, 1500, 1600, 1700, 1800, 1900, 2000, 2100, 2200, 2300, 2400, 2500, 2600, 2700, 2800, 2900, 3000, 3100, 3200, 3300, 3400, 3500, 3600, 3700, 3800, 3900, 4000, 4100, 4200, 4300, 4400, 4500, 4600, 4700, 4800, 4900, 5000, 5100, 5200, 5300, 5400, 5500, 5600, 5700, 5800, 5900, 6000, 6100, 6200, 6300, 6400, 6500, 6600, 6700, 6800, 6900, 7000, 7100, 7200, 7300, 7400, 7500, 7600, 7700, 7800, 7900, 8000, 8100, 8200, 8300, 8400, 8500, 8600, 8700, 8800, 8900, 9000, 9100, 9200, 9300, 9400, 9500, 9600, 9700, 9800, 9900, 10000], "train_acc": [0.006266318261623383, 0.052219320088624954, 0.1838120073080063, 0.27519580721855164, 0.3164490759372711, 0.3266318440437317, 0.3295039236545563, 0.3292428255081177, 0.3310704827308655, 0.33028721809387207, 0.3315926790237427, 0.3321148753166199, 0.3313315808773041, 0.3292428255081177, 0.3318537771701813, 0.3308093845844269, 0.33002611994743347, 0.3313315808773041, 0.33002611994743347, 0.3318537771701813, 0.3308093845844269, 0.3292428255081177, 0.3308093845844269, 0.33002611994743347, 0.3297650218009949, 0.33237597346305847, 0.33263707160949707, 0.3313315808773041, 0.33237597346305847, 0.3313315808773041, 0.33315926790237427, 0.3315926790237427, 0.3295039236545563, 0.33028721809387207, 0.3297650218009949, 0.33237597346305847, 0.3318537771701813, 0.3318537771701813, 0.3313315808773041, 0.3318537771701813, 0.3310704827308655, 0.3313315808773041, 0.33028721809387207, 0.3321148753166199, 0.3313315808773041, 0.33289816975593567, 0.3289817273616791, 0.33289816975593567, 0.3315926790237427, 0.3308093845844269, 0.3305482864379883, 0.33263707160949707, 0.33342036604881287, 0.3313315808773041, 0.3310704827308655, 0.3321148753166199, 0.3308093845844269, 0.3310704827308655, 0.3305482864379883, 0.3321148753166199, 0.3292428255081177, 0.3313315808773041, 0.3295039236545563, 0.3310704827308655, 0.3305482864379883, 0.3313315808773041, 0.3310704827308655, 0.3318537771701813, 0.33315926790237427, 0.3318537771701813, 0.3287206292152405, 0.33237597346305847, 0.3308093845844269, 0.33237597346305847, 0.3305482864379883, 0.3297650218009949, 0.3308093845844269, 0.3318537771701813, 0.3310704827308655, 0.3315926790237427, 0.33263707160949707, 0.3305482864379883, 0.3315926790237427, 0.3289817273616791, 0.3305482864379883, 0.33028721809387207, 0.3305482864379883, 0.3318537771701813, 0.3310704827308655, 0.3321148753166199, 0.3305482864379883, 0.3313315808773041, 0.3310704827308655, 0.3315926790237427, 0.3308093845844269, 0.3305482864379883, 0.3295039236545563, 0.3310704827308655, 0.33028721809387207, 0.3289817273616791, 0.33394256234169006], "test_acc": [0.009173286147415638, 0.0066002910025417805, 0.005034120287746191, 0.0036916881799697876, 0.00402729632332921, 0.00402729632332921, 0.004698512144386768, 0.005145989824086428, 0.005481597501784563, 0.005369728431105614, 0.005369728431105614, 0.005257858894765377, 0.005145989824086428, 0.005034120287746191, 0.005257858894765377, 0.005034120287746191, 0.005034120287746191, 0.004922250751405954, 0.005034120287746191, 0.004810381680727005, 0.005145989824086428, 0.005145989824086428, 0.005145989824086428, 0.004922250751405954, 0.005034120287746191, 0.005034120287746191, 0.005145989824086428, 0.005145989824086428, 0.004922250751405954, 0.004922250751405954, 0.005034120287746191, 0.005257858894765377, 0.005034120287746191, 0.004922250751405954, 0.005034120287746191, 0.005145989824086428, 0.004922250751405954, 0.005257858894765377, 0.005145989824086428, 0.005034120287746191, 0.004810381680727005, 0.005034120287746191, 0.005145989824086428, 0.005034120287746191, 0.004922250751405954, 0.005145989824086428, 0.005145989824086428, 0.005034120287746191, 0.005034120287746191, 0.005145989824086428, 0.005145989824086428, 0.005034120287746191, 0.005034120287746191, 0.004922250751405954, 0.005034120287746191, 0.005145989824086428, 0.005145989824086428, 0.004922250751405954, 0.005034120287746191, 0.005145989824086428, 0.004810381680727005, 0.005034120287746191, 0.005145989824086428, 0.004922250751405954, 0.005145989824086428, 0.005034120287746191, 0.004922250751405954, 0.005034120287746191, 0.005034120287746191, 0.005145989824086428, 0.005145989824086428, 0.005034120287746191, 0.005034120287746191, 0.005257858894765377, 0.005034120287746191, 0.004922250751405954, 0.005034120287746191, 0.005145989824086428, 0.005034120287746191, 0.005145989824086428, 0.005034120287746191, 0.005034120287746191, 0.005145989824086428, 0.005145989824086428, 0.005145989824086428, 0.005257858894765377, 0.005034120287746191, 0.004922250751405954, 0.005034120287746191, 0.004922250751405954, 0.004922250751405954, 0.005145989824086428, 0.005145989824086428, 0.005034120287746191, 0.005034120287746191, 0.005034120287746191, 0.005034120287746191, 0.005145989824086428, 0.004922250751405954, 0.005034120287746191, 0.005034120287746191]}, "G-frozen+freshU": {"epoch": [0, 100, 200, 300, 400, 500, 600, 700, 800, 900, 1000, 1100, 1200, 1300, 1400, 1500, 1600, 1700, 1800, 1900, 2000, 2100, 2200, 2300, 2400, 2500, 2600, 2700, 2800, 2900, 3000, 3100, 3200, 3300, 3400, 3500, 3600, 3700, 3800, 3900, 4000, 4100, 4200, 4300, 4400, 4500, 4600, 4700, 4800, 4900, 5000, 5100, 5200, 5300, 5400, 5500, 5600, 5700, 5800, 5900, 6000, 6100, 6200, 6300, 6400, 6500, 6600, 6700, 6800, 6900, 7000, 7100, 7200, 7300, 7400, 7500, 7600, 7700, 7800, 7900, 8000, 8100, 8200, 8300, 8400, 8500, 8600, 8700, 8800, 8900, 9000, 9100, 9200, 9300, 9400, 9500, 9600, 9700, 9800, 9900, 10000], "train_acc": [0.008877284824848175, 0.04308094084262848, 0.05718015506863594, 0.08537858724594116, 0.12088772654533386, 0.16031330823898315, 0.19321148097515106, 0.22245430946350098, 0.2475195825099945, 0.2746736407279968, 0.2963446378707886, 0.3122715353965759, 0.33289816975593567, 0.34543082118034363, 0.3616187870502472, 0.37362924218177795, 0.3848564028739929, 0.3942558765411377, 0.4010443687438965, 0.40652740001678467, 0.41201043128967285, 0.41723236441612244, 0.4219321012496948, 0.4279373288154602, 0.4321148693561554, 0.43498694896698, 0.4381200969219208, 0.44151434302330017, 0.44490861892700195, 0.44751957058906555, 0.44986945390701294, 0.45065274834632874, 0.45378589630126953, 0.4556135833263397, 0.4563968777656555, 0.4579634368419647, 0.4579634368419647, 0.4587467312812805, 0.4590078294277191, 0.4608355164527893, 0.4605744183063507, 0.4626631736755371, 0.4634464681148529, 0.4642297625541687, 0.4647519588470459, 0.4660574495792389, 0.4657963514328003, 0.4660574495792389, 0.4665796458721161, 0.4655352532863617, 0.4663185477256775, 0.4671018123626709, 0.4673629105091095, 0.4673629105091095, 0.4676240086555481, 0.4676240086555481, 0.4676240086555481, 0.4678851068019867, 0.4673629105091095, 0.4689294993877411, 0.4678851068019867, 0.4681462049484253, 0.4686684012413025, 0.4684073030948639, 0.4684073030948639, 0.4684073030948639, 0.4686684012413025, 0.4689294993877411, 0.4681462049484253, 0.4694516956806183, 0.4681462049484253, 0.4689294993877411, 0.4681462049484253, 0.4694516956806183, 0.4691905975341797, 0.4691905975341797, 0.4691905975341797, 0.4681462049484253, 0.4694516956806183, 0.4684073030948639, 0.4694516956806183, 0.4686684012413025, 0.4689294993877411, 0.4684073030948639, 0.4689294993877411, 0.4684073030948639, 0.4691905975341797, 0.4684073030948639, 0.4681462049484253, 0.4684073030948639, 0.4681462049484253, 0.4686684012413025, 0.4694516956806183, 0.4694516956806183, 0.4694516956806183, 0.4686684012413025, 0.4689294993877411, 0.4694516956806183, 0.4694516956806183, 0.4686684012413025, 0.4684073030948639],