{"M-frozen+freshU": {"epoch": [0, 100, 200, 300, 400, 500, 600, 700, 800, 900, 1000, 1100, 1200, 1300, 1400, 1500, 1600, 1700, 1800, 1900, 2000, 2100, 2200, 2300, 2400, 2500, 2600, 2700, 2800, 2900, 3000, 3100, 3200, 3300, 3400, 3500, 3600, 3700, 3800, 3900, 4000, 4100, 4200, 4300, 4400, 4500, 4600, 4700, 4800, 4900, 5000, 5100, 5200, 5300, 5400, 5500, 5600, 5700, 5800, 5900, 6000, 6100, 6200, 6300, 6400, 6500, 6600, 6700, 6800, 6900, 7000, 7100, 7200, 7300, 7400, 7500, 7600, 7700, 7800, 7900, 8000, 8100, 8200, 8300, 8400, 8500, 8600, 8700, 8800, 8900, 9000, 9100, 9200, 9300, 9400, 9500, 9600, 9700, 9800, 9900, 10000], "train_acc": [0.008877284824848175, 0.04647519439458847, 0.16553524136543274, 0.2744125425815582, 0.3185378611087799, 0.3289817273616791, 0.3313315808773041, 0.33028721809387207, 0.3308093845844269, 0.3313315808773041, 0.33315926790237427, 0.33263707160949707, 0.3310704827308655, 0.3313315808773041, 0.33028721809387207, 0.3310704827308655, 0.3318537771701813, 0.3305482864379883, 0.3315926790237427, 0.3310704827308655, 0.3295039236545563, 0.33002611994743347, 0.33263707160949707, 0.3318537771701813, 0.3315926790237427, 0.3289817273616791, 0.33315926790237427, 0.33420366048812866, 0.3308093845844269, 0.3321148753166199, 0.33289816975593567, 0.3313315808773041, 0.33237597346305847, 0.3318537771701813, 0.3310704827308655, 0.3295039236545563, 0.33028721809387207, 0.33237597346305847, 0.33368146419525146, 0.33263707160949707, 0.3321148753166199, 0.3310704827308655, 0.3310704827308655, 0.3310704827308655, 0.3318537771701813, 0.33002611994743347, 0.3321148753166199, 0.33237597346305847, 0.33028721809387207, 0.3321148753166199, 0.3295039236545563, 0.3315926790237427, 0.3318537771701813, 0.33342036604881287, 0.3310704827308655, 0.3321148753166199, 0.3313315808773041, 0.3313315808773041, 0.3297650218009949, 0.3321148753166199, 0.3292428255081177, 0.33263707160949707, 0.3310704827308655, 0.33315926790237427, 0.3310704827308655, 0.3308093845844269, 0.3315926790237427, 0.33263707160949707, 0.3292428255081177, 0.33002611994743347, 0.3315926790237427, 0.3292428255081177, 0.33315926790237427, 0.3313315808773041, 0.33237597346305847, 0.33028721809387207, 0.3310704827308655, 0.3297650218009949, 0.3315926790237427, 0.3305482864379883, 0.3318537771701813, 0.3308093845844269, 0.3297650218009949, 0.33002611994743347, 0.3318537771701813, 0.3308093845844269, 0.3308093845844269, 0.3318537771701813, 0.33315926790237427, 0.33263707160949707, 0.33342036604881287, 0.3308093845844269, 0.33315926790237427, 0.3315926790237427, 0.3321148753166199, 0.33002611994743347, 0.33002611994743347, 0.3310704827308655, 0.3315926790237427, 0.33237597346305847, 0.3308093845844269], "test_acc": [0.007271507289260626, 0.005034120287746191, 0.004698512144386768, 0.004362904466688633, 0.004810381680727005, 0.004474773537367582, 0.004586643073707819, 0.004922250751405954, 0.005481597501784563, 0.005034120287746191, 0.005034120287746191, 0.005369728431105614, 0.005034120287746191, 0.005034120287746191, 0.005145989824086428, 0.005369728431105614, 0.005034120287746191, 0.005145989824086428, 0.005034120287746191, 0.005034120287746191, 0.005145989824086428, 0.005257858894765377, 0.004922250751405954, 0.005145989824086428, 0.004810381680727005, 0.004922250751405954, 0.005257858894765377, 0.005145989824086428, 0.004922250751405954, 0.005145989824086428, 0.005145989824086428, 0.005145989824086428, 0.005034120287746191, 0.004922250751405954, 0.005145989824086428, 0.005145989824086428, 0.005145989824086428, 0.005145989824086428, 0.005145989824086428, 0.004922250751405954, 0.005257858894765377, 0.005145989824086428, 0.005145989824086428, 0.005034120287746191, 0.005034120287746191, 0.005145989824086428, 0.004922250751405954, 0.005034120287746191, 0.005034120287746191, 0.004922250751405954, 0.005034120287746191, 0.005145989824086428, 0.005034120287746191, 0.005145989824086428, 0.004922250751405954, 0.005145989824086428, 0.005145989824086428, 0.005145989824086428, 0.005145989824086428, 0.005145989824086428, 0.005034120287746191, 0.005034120287746191, 0.005145989824086428, 0.005145989824086428, 0.005034120287746191, 0.005145989824086428, 0.005145989824086428, 0.004922250751405954, 0.005145989824086428, 0.005145989824086428, 0.005034120287746191, 0.004922250751405954, 0.005034120287746191, 0.005034120287746191, 0.005257858894765377, 0.005034120287746191, 0.005034120287746191, 0.004922250751405954, 0.005034120287746191, 0.005257858894765377, 0.004922250751405954, 0.005145989824086428, 0.004810381680727005, 0.005257858894765377, 0.005369728431105614, 0.004922250751405954, 0.005145989824086428, 0.005145989824086428, 0.005034120287746191, 0.005145989824086428, 0.005145989824086428, 0.005034120287746191, 0.005257858894765377, 0.005145989824086428, 0.005034120287746191, 0.005257858894765377, 0.005369728431105614, 0.004922250751405954, 0.005369728431105614, 0.005034120287746191, 0.005034120287746191]}, "G-frozen+freshU": {"epoch": [0, 100, 200, 300, 400, 500, 600, 700, 800, 900, 1000, 1100, 1200, 1300, 1400, 1500, 1600, 1700, 1800, 1900, 2000, 2100, 2200, 2300, 2400, 2500, 2600, 2700, 2800, 2900, 3000, 3100, 3200, 3300, 3400, 3500, 3600, 3700, 3800, 3900, 4000, 4100, 4200, 4300, 4400, 4500, 4600, 4700, 4800, 4900, 5000, 5100, 5200, 5300, 5400, 5500, 5600, 5700, 5800, 5900, 6000, 6100, 6200, 6300, 6400, 6500, 6600, 6700, 6800, 6900, 7000, 7100, 7200, 7300, 7400, 7500, 7600, 7700, 7800, 7900, 8000, 8100, 8200, 8300, 8400, 8500, 8600, 8700, 8800, 8900, 9000, 9100, 9200, 9300, 9400, 9500, 9600, 9700, 9800, 9900, 10000], "train_acc": [0.01070496067404747, 0.03968668356537819, 0.05744125321507454, 0.08328981697559357, 0.11801566183567047, 0.15691906213760376, 0.19164490699768066, 0.22140991687774658, 0.2506527304649353, 0.27571800351142883, 0.2963446378707886, 0.3130548298358917, 0.3289817273616791, 0.34516972303390503, 0.36109659075737, 0.37415143847465515, 0.3835509121417999, 0.3921670913696289, 0.3989556133747101, 0.40469974279403687, 0.41253262758255005, 0.420104444026947, 0.4234986901283264, 0.4279373288154602, 0.4318537712097168, 0.4368146061897278, 0.44020888209342957, 0.44177544116973877, 0.44516971707344055, 0.44778066873550415, 0.44986945390701294, 0.45300260186195374, 0.4548302888870239, 0.4550913870334625, 0.4577023386955261, 0.4582245349884033, 0.4584856331348419, 0.4592689275741577, 0.4592689275741577, 0.4608355164527893, 0.4605744183063507, 0.4626631736755371, 0.4634464681148529, 0.4639686644077301, 0.4655352532863617, 0.4665796458721161, 0.4650130569934845, 0.4668407142162323, 0.4657963514328003, 0.4668407142162323, 0.4676240086555481, 0.4668407142162323, 0.4673629105091095, 0.4671018123626709, 0.4671018123626709, 0.4676240086555481, 0.4678851068019867, 0.4678851068019867, 0.4678851068019867, 0.4681462049484253, 0.4678851068019867, 0.4694516956806183, 0.4684073030948639, 0.4681462049484253, 0.4684073030948639, 0.4689294993877411, 0.4678851068019867, 0.4681462049484253, 0.4689294993877411, 0.4686684012413025, 0.4686684012413025, 0.4689294993877411, 0.4684073030948639, 0.4684073030948639, 0.4684073030948639, 0.4686684012413025, 0.4697127938270569, 0.4689294993877411, 0.4694516956806183, 0.4691905975341797, 0.4689294993877411, 0.4686684012413025, 0.4681462049484253, 0.4684073030948639, 0.4694516956806183, 0.4694516956806183, 0.4689294993877411, 0.4686684012413025, 0.4697127938270569, 0.4681462049484253, 0.4697127938270569, 0.4684073030948639, 0.4686684012413025, 0.4691905975341797, 0.4697127938270569, 0.4697127938270569, 0.4686684012413025, 0.4684073030948639, 0.4689294993877411, 0.4694516956806183, 0.4691905975341797],