{"0.001": {"epoch": [500, 1000, 1500, 2000, 2500, 3000, 3500, 4000, 4500, 5000, 5500, 6000, 6500, 7000, 7500, 8000, 8500, 9000, 9500, 10000, 10500, 11000, 11500, 12000, 12500, 13000, 13500, 14000, 14500, 15000, 15500, 16000, 16500, 17000, 17500, 18000, 18500, 19000, 19500, 20000, 20500, 21000, 21500, 22000, 22500, 23000, 23500, 24000, 24500, 25000, 25500, 26000, 26500, 27000, 27500, 28000, 28500, 29000, 29500, 30000], "test_acc": [0.06152813509106636, 0.06141626834869385, 0.06152813509106636, 0.06152813509106636, 0.06164000555872917, 0.06164000555872917, 0.06175187602639198, 0.06175187602639198, 0.06175187602639198, 0.06197561323642731, 0.06208748370409012, 0.06208748370409012, 0.06197561323642731, 0.06197561323642731, 0.06197561323642731, 0.06197561323642731, 0.06197561323642731, 0.06197561323642731, 0.06197561323642731, 0.06197561323642731, 0.06197561323642731, 0.06197561323642731, 0.06197561323642731, 0.06197561323642731, 0.06197561323642731, 0.06197561323642731, 0.06197561323642731, 0.06219935417175293, 0.06219935417175293, 0.06219935417175293, 0.06219935417175293, 0.06219935417175293, 0.06219935417175293, 0.06219935417175293, 0.06219935417175293, 0.06208748370409012, 0.06208748370409012, 0.06208748370409012, 0.06208748370409012, 0.06208748370409012, 0.06208748370409012, 0.06208748370409012, 0.06208748370409012, 0.06208748370409012, 0.06208748370409012, 0.06208748370409012, 0.06208748370409012, 0.06208748370409012, 0.06219935417175293, 0.06219935417175293, 0.06219935417175293, 0.06231122091412544, 0.06231122091412544, 0.06231122091412544, 0.06231122091412544, 0.06219935417175293, 0.06219935417175293, 0.06219935417175293, 0.06219935417175293, 0.062423091381788254], "train_loss": [3.326482640190927e-11, 3.550575134090305e-11, 3.7864573326812005e-11, 4.034276086873239e-11, 4.2941095528887426e-11, 4.565930905652226e-11, 4.849568225823785e-11, 5.1449896908749363e-11, 5.45199808113533e-11, 5.7702277245053615e-11, 6.099426533686978e-11, 6.439294667298298e-11, 6.789282318547911e-11, 7.148870575571284e-11, 7.517419202027469e-11, 7.894279520402048e-11, 8.278811734964801e-11, 8.670276112520778e-11, 9.067601354522591e-11, 9.470007632201238e-11, 9.876501084340647e-11, 1.028623940241446e-10, 1.069803730884319e-10, 1.1111031577687129e-10, 1.1524221680594591e-10, 1.1936564767396285e-10, 1.2347004079698197e-10, 1.275462461400543e-10, 1.315868934456004e-10, 1.3558070615227275e-10, 1.3951889007624133e-10, 1.4339387448205678e-10, 1.4719913804142246e-10, 1.5092466613683297e-10, 1.5456737802984058e-10, 1.5812193589569017e-10, 1.615822589008395e-10, 1.6494394273547478e-10, 1.6820373424322377e-10, 1.7135968006928975e-10, 1.7441106456913057e-10, 1.7735372449336817e-10, 1.801871745325035e-10, 1.8291047601181207e-10, 1.855263501661942e-10, 1.8803495190509867e-10, 1.904361149559602e-10, 1.9273188653525157e-10, 1.9492171901024926e-10, 1.9701172144836659e-10, 1.9900132296886764e-10, 2.0089484862961483e-10, 2.026954064753268e-10, 2.0440558393438892e-10, 2.060280437448318e-10, 2.075657138807364e-10, 2.0902327670046088e-10, 2.104049653133715e-10, 2.1171764286891104e-10, 2.1295180568406841e-10]}, "0.01": {"epoch": [500, 1000, 1500, 2000, 2500, 3000, 3500, 4000, 4500, 5000, 5500, 6000, 6500, 7000, 7500, 8000, 8500, 9000, 9500, 10000, 10500, 11000, 11500, 12000, 12500, 13000, 13500, 14000, 14500, 15000, 15500, 16000, 16500, 17000, 17500, 18000, 18500, 19000, 19500, 20000, 20500, 21000, 21500, 22000, 22500, 23000, 23500, 24000, 24500, 25000, 25500, 26000, 26500, 27000, 27500, 28000, 28500, 29000, 29500, 30000], "test_acc": [0.06208748370409012, 0.06197561323642731, 0.06197561323642731, 0.06208748370409012, 0.06231122091412544, 0.06219935417175293, 0.062423091381788254, 0.06231122091412544, 0.062423091381788254, 0.06253495812416077, 0.062423091381788254, 0.06264682859182358, 0.06275869905948639, 0.0628705695271492, 0.06298243999481201, 0.0628705695271492, 0.06320617347955704, 0.06342991441488266, 0.06354178488254547, 0.0638773962855339, 0.0637655258178711, 0.06365365535020828, 0.06410112977027893, 0.06421300023794174, 0.06421300023794174, 0.06421300023794174, 0.06432487070560455, 0.06443674117326736, 0.06454861164093018, 0.06466048210859299, 0.06432487070560455, 0.06454861164093018, 0.06466048210859299, 0.06466048210859299, 0.0647723451256752, 0.06488421559333801, 0.06488421559333801, 0.06488421559333801, 0.06510795652866364, 0.06510795652866364, 0.0647723451256752, 0.06488421559333801, 0.06533169746398926, 0.06533169746398926, 0.06555543094873428, 0.0657791718840599, 0.06633851677179337, 0.06656225770711899, 0.06656225770711899, 0.06689786165952682, 0.06689786165952682, 0.06723347306251526, 0.06768094748258591, 0.06812842935323715, 0.06812842935323715, 0.06801655888557434, 0.06801655888557434, 0.06768094748258591, 0.06779281795024872, 0.06779281795024872], "train_loss": [6.585188843050193e-11, 1.352817590360645e-10, 2.6229588204264225e-10, 4.69757302782879e-10, 7.665740161598452e-10, 1.1304991515633613e-09, 1.5050961546523478e-09, 1.8289066025121037e-09, 2.069683892443063e-09, 2.2299957954532933e-09, 2.3294387304814598e-09, 2.3889791476509567e-09, 2.424049454931901e-09, 2.4451660046938084e-09, 2.4583300189518284e-09, 2.467234824222467e-09, 2.4738995052532956e-09, 2.4776994252982136e-09, 2.4811587696761652e-09, 2.4843126731485486e-09, 2.486664866083688e-09, 2.4889503538624205e-09, 2.4912612307315265e-09, 2.493593858289599e-09, 2.4955515920576523e-09, 2.4975516282792823e-09, 2.4993285395890157e-09, 2.501256364644365e-09, 2.5028801321958944e-09, 2.504742944272579e-09, 2.5064781183852046e-09, 2.5081276798091567e-09, 2.5095332113722217e-09, 2.5107875763599112e-09, 2.5123397260622566e-09, 2.513307061700446e-09, 2.5142913816638084e-09, 2.515212033148849e-09, 2.5163543216151443e-09, 2.517099048146417e-09, 2.5180109669590434e-09, 2.518851752362908e-09, 2.5198908983857582e-09, 2.5208519499296986e-09, 2.5221550581716246e-09, 2.522940244534671e-09, 2.5232997134149493e-09, 2.523693247648615e-09, 2.52433631207203e-09, 2.524843552506858e-09, 2.5258098459265263e-09, 2.5260208848887414e-09, 2.5266692160594027e-09, 2.5274107128555467e-09, 2.5280438457968656e-09, 2.528754941729633e-09, 2.5290428081822306e-09, 2.529137029883534e-09, 2.5294661728629218e-09, 2.5298504493435644e-09]}, "0.05": {"epoch": [500, 1000, 1500, 2000, 2500, 3000, 3500, 4000, 4500, 5000, 5500, 6000, 6500, 7000, 7500, 8000, 8500, 9000, 9500, 10000, 10500, 11000, 11500, 12000, 12500, 13000, 13500, 14000, 14500, 15000, 15500, 16000, 16500, 17000, 17500, 18000, 18500, 19000, 19500, 20000, 20500, 21000, 21500, 22000, 22500, 23000, 23500, 24000, 24500, 25000, 25500, 26000, 26500, 27000, 27500, 28000, 28500, 29000, 29500, 30000], "test_acc": [0.06253495812416077, 0.06253495812416077, 0.06275869905948639, 0.06331804394721985, 0.0638773962855339, 0.06454861164093018, 0.06443674117326736, 0.06521982699632645, 0.0657791718840599, 0.06678599864244461, 0.06756908446550369, 0.06801655888557434, 0.06779281795024872, 0.06902338564395905, 0.0694708600640297, 0.06969460099935532, 0.07003020495176315, 0.07058954983949661, 0.07092516124248505, 0.0713726356625557, 0.07282693684101105, 0.07305067777633667, 0.07349815964698792, 0.07439310848712921, 0.07495246082544327, 0.07573554664850235, 0.07584740966558456, 0.076183021068573, 0.07663049548864365, 0.07685423642396927, 0.07685423642396927, 0.07663049548864365, 0.07741358131170273, 0.07774919271469116, 0.07752545177936554, 0.07763732224702835, 0.07763732224702835, 0.07819666713476181, 0.07853227853775024, 0.07931536436080933, 0.07931536436080933, 0.07976283878087997, 0.07965096831321716, 0.07920349389314651, 0.07864414900541306, 0.07886788249015808, 0.07920349389314651, 0.07965096831321716, 0.07953909784555435, 0.08009845018386841, 0.08065779507160187, 0.08110526949167252, 0.0809933990240097, 0.08166462182998657, 0.08166462182998657, 0.08211209625005722, 0.08267144113779068, 0.08300705254077911, 0.08311892300844193, 0.08334265649318695],